Order ID,Order Date,Customer,Product,Category,Quantity,Sales,Region,Profit
ORD-100232,2023-03-07,CUST-0044,Notebook Pack,Others,1,11.42,South,4.2
ORD-104150,2023-05-25,CUST-0411,Headphones,Electronics,1,87.54,East,13.85
ORD-100079,2023-10-06,CUST-0867,Keyboard,Office Supplies,4,165.25,West,32.67
ORD-100237,2023-01-20,CUST-0593,Keyboard,Office Supplies,2,92.21,East,28.1
ORD-100291,2023-11-01,CUST-1435,Laptop,Electronics,5,4132.67,East,557.75
ORD-102735,2023-03-17,CUST-0754,Desk,Furniture,5,1756.99,West,147.87
ORD-100033,2023-07-04,CUST-1149,Office Chair,Furniture,3,509.17,West,24.19
ORD-102660,2023-06-14,CUST-0153,Mouse,Office Supplies,5,97.07,North,27.21
ORD-102344,2023-07-25,CUST-1219,Keyboard,Office Supplies,3,121.53,Central,23.75
ORD-103009,2023-10-10,CUST-1499,Keyboard,Office Supplies,1,41.57,North,7.92
ORD-100354,2023-08-09,CUST-1051,Desk,Furniture,1,294.16,East,31.07
ORD-102121,2023-08-20,CUST-0759,Laptop,Electronics,1,858.6,South,154.65
ORD-101051,2023-12-01,CUST-0357,Smartphone,Electronics,1,593.52,South,105.89
ORD-104153,2023-03-25,CUST-1100,T-Shirt,Clothing,4,102.76,East,30.66
ORD-104214,2023-12-25,CUST-0765,T-Shirt,Clothing,2,50.23,East,16.15
ORD-104981,2023-12-12,CUST-1480,Headphones,Electronics,5,451.63,East,63.55
ORD-103562,2023-01-25,CUST-0011,Printer,Office Supplies,1,144.28,South,23.72
ORD-103819,2023-05-16,CUST-0440,Mouse,Office Supplies,4,84.8,North,17.72
ORD-101992,2023-10-07,CUST-0739,Monitor,Electronics,2,516.57,East,73.77
ORD-104186,2023-07-01,CUST-1458,Smartphone,Electronics,2,1318.24,West,228.24
ORD-103593,2023-10-10,CUST-0535,Laptop,Electronics,1,851.93,East,156.46
ORD-104939,2023-08-07,CUST-0841,Smartphone,Electronics,5,2931.01,North,640.89
ORD-100580,2023-09-28,CUST-0263,T-Shirt,Clothing,2,45.77,North,12.27
ORD-103697,2023-03-15,CUST-0356,Laptop,Electronics,5,4655.32,North,558.22
ORD-100535,2023-11-14,CUST-0678,Headphones,Electronics,2,165.84,West,35.37
ORD-104134,2023-07-10,CUST-0248,T-Shirt,Clothing,2,47.49,North,15.61
ORD-100830,2023-04-20,CUST-0641,Jeans,Clothing,2,116.59,South,34.92
ORD-100348,2023-09-29,CUST-1454,T-Shirt,Clothing,5,124.03,North,32.21
ORD-100256,2023-10-12,CUST-0950,Mouse,Office Supplies,5,104.23,South,31.1
ORD-104226,2023-01-23,CUST-0152,Jeans,Clothing,5,250.16,East,70.96
ORD-102881,2023-06-30,CUST-1117,Laptop,Electronics,4,3473.84,East,661.21
ORD-104333,2023-09-20,CUST-1133,T-Shirt,Clothing,1,24.54,East,7.08
ORD-101528,2023-10-27,CUST-0954,Smartphone,Electronics,4,2195.96,Central,255.4
ORD-101804,2023-09-14,CUST-0177,Jeans,Clothing,1,50.96,Central,15.33
ORD-104809,2023-07-17,CUST-1016,T-Shirt,Clothing,2,49.79,South,11.81
ORD-104977,2023-02-28,CUST-0736,Headphones,Electronics,3,260.46,South,67.28
ORD-100835,2023-12-17,CUST-0696,T-Shirt,Clothing,5,130.86,North,33.99
ORD-102009,2023-01-23,CUST-0915,Jeans,Clothing,1,52.77,East,13.49
ORD-102634,2023-05-08,CUST-0460,T-Shirt,Clothing,3,82.49,South,28.57
ORD-100223,2023-08-12,CUST-0216,Notebook Pack,Others,1,12.0,North,5.0
ORD-104674,2023-12-20,CUST-0717,Jeans,Clothing,2,114.99,North,32.05
ORD-102304,2023-03-14,CUST-0974,Desk,Furniture,1,344.26,East,46.43
ORD-104597,2023-11-28,CUST-0068,Smartphone,Electronics,5,2849.3,Central,524.32
ORD-102981,2023-04-06,CUST-0281,Headphones,Electronics,4,363.51,West,74.7
ORD-102968,2023-01-02,CUST-0805,T-Shirt,Clothing,2,48.1,East,14.46
ORD-100717,2023-05-13,CUST-0678,Smartphone,Electronics,4,2557.13,West,527.52
ORD-102109,2023-01-11,CUST-1069,Smartphone,Electronics,5,3050.52,East,444.13
ORD-103902,2023-09-17,CUST-1135,Keyboard,Office Supplies,1,43.11,North,8.99
ORD-103543,2023-08-01,CUST-1034,Headphones,Electronics,5,453.66,Central,82.7
ORD-102956,2023-06-26,CUST-1078,Smartphone,Electronics,4,2481.83,South,423.58
ORD-100603,2023-08-12,CUST-0811,Keyboard,Office Supplies,4,162.98,Central,55.06
ORD-100749,2023-08-26,CUST-0318,Mouse,Office Supplies,2,38.84,West,11.45
ORD-100251,2023-01-16,CUST-0243,Mouse,Office Supplies,3,55.84,Central,19.45
ORD-100114,2023-09-14,CUST-0628,Smartphone,Electronics,2,1088.15,North,215.23
ORD-104961,2023-07-03,CUST-0821,Smartphone,Electronics,1,561.32,Central,70.33
ORD-100704,2023-07-13,CUST-1133,Headphones,Electronics,5,461.72,Central,110.07
ORD-101099,2023-06-15,CUST-0810,Smartphone,Electronics,1,656.67,North,138.3
ORD-100057,2023-08-05,CUST-1329,T-Shirt,Clothing,4,106.37,Central,33.57
ORD-104476,2023-10-28,CUST-0471,T-Shirt,Clothing,4,103.92,South,29.42
ORD-104663,2023-11-20,CUST-0637,Laptop,Electronics,3,2676.32,East,223.49
ORD-102048,2023-02-16,CUST-0483,Smartphone,Electronics,5,2931.17,South,434.62
ORD-101826,2023-07-21,CUST-0897,T-Shirt,Clothing,5,130.31,North,35.39
ORD-104378,2023-07-25,CUST-1286,Printer,Office Supplies,1,154.14,East,17.88
ORD-102785,2023-04-27,CUST-1107,Keyboard,Office Supplies,5,212.45,Central,48.45
ORD-103440,2023-11-03,CUST-0257,Headphones,Electronics,2,197.89,West,43.56
ORD-102863,2023-06-11,CUST-0410,Smartphone,Electronics,3,1814.3,South,273.32
ORD-101906,2023-10-31,CUST-1240,Desk,Furniture,2,632.19,West,36.9
ORD-100389,2023-11-18,CUST-0041,Mouse,Office Supplies,3,55.49,Central,12.83
ORD-100139,2023-07-03,CUST-0130,Laptop,Electronics,3,2652.62,South,351.14
ORD-102210,2023-11-19,CUST-0760,Notebook Pack,Others,4,50.65,South,15.72
ORD-102045,2023-02-18,CUST-1194,Laptop,Electronics,3,2967.14,North,358.55
ORD-103315,2023-12-16,CUST-1213,Laptop,Electronics,5,4673.21,South,481.73
ORD-103791,2023-02-15,CUST-0797,Monitor,Electronics,2,542.09,West,60.58
ORD-101306,2023-03-10,CUST-0098,T-Shirt,Clothing,2,50.2,Central,13.63
ORD-102661,2023-06-09,CUST-0721,Office Chair,Furniture,2,338.44,Central,26.83
ORD-101747,2023-02-26,CUST-0688,T-Shirt,Clothing,4,108.99,Central,30.65
ORD-100205,2023-01-09,CUST-0501,Headphones,Electronics,5,465.12,East,99.49
ORD-104529,2023-07-25,CUST-0306,T-Shirt,Clothing,2,51.75,Central,14.87
ORD-102940,2023-10-19,CUST-0427,Notebook Pack,Others,5,60.34,West,18.57
ORD-104600,2023-03-18,CUST-0687,Jeans,Clothing,2,108.31,West,36.86
ORD-102332,2023-08-22,CUST-0565,Mouse,Office Supplies,4,75.51,North,15.76
ORD-101670,2023-03-26,CUST-1390,Monitor,Electronics,3,818.22,South,92.41
ORD-104947,2023-06-18,CUST-0020,Keyboard,Office Supplies,5,205.09,North,48.62
ORD-102872,2023-02-14,CUST-1491,Laptop,Electronics,3,2613.21,East,549.62
ORD-101219,2023-09-16,CUST-0374,Laptop,Electronics,1,912.84,North,141.19
ORD-100686,2023-09-16,CUST-0164,Office Chair,Furniture,4,784.34,South,69.19
ORD-101472,2023-11-28,CUST-0045,Smartphone,Electronics,4,2262.86,North,404.53
ORD-103422,2023-08-14,CUST-0014,Jeans,Clothing,4,228.29,North,53.81
ORD-100600,2023-09-28,CUST-0213,T-Shirt,Clothing,2,47.78,Central,18.02
ORD-103355,2023-11-22,CUST-0446,Office Chair,Furniture,5,810.73,East,88.21
ORD-102437,2023-03-13,CUST-0465,Jeans,Clothing,4,216.82,West,63.03
ORD-102091,2023-05-22,CUST-1217,Mouse,Office Supplies,5,108.4,North,35.11
ORD-101155,2023-09-05,CUST-1469,Laptop,Electronics,4,3837.03,North,404.46
ORD-104824,2023-09-23,CUST-0942,Office Chair,Furniture,1,172.38,Central,23.25
ORD-100408,2023-05-16,CUST-0307,Smartphone,Electronics,3,1749.1,East,307.06
ORD-103756,2023-09-22,CUST-0411,Headphones,Electronics,1,89.73,West,18.78
ORD-104675,2023-06-28,CUST-0866,Smartphone,Electronics,2,1120.21,North,112.9
ORD-103972,2023-03-12,CUST-0331,T-Shirt,Clothing,3,68.75,North,18.79
ORD-100360,2023-06-12,CUST-1402,Printer,Office Supplies,4,640.87,South,74.49
ORD-103526,2023-12-17,CUST-0964,Smartphone,Electronics,4,2224.43,North,469.57
ORD-104997,2023-08-30,CUST-0351,Desk,Furniture,2,684.43,East,83.45
ORD-102430,2023-04-11,CUST-0167,Mouse,Office Supplies,2,37.46,North,11.43
ORD-101921,2023-01-06,CUST-0760,Monitor,Electronics,1,259.5,West,36.45
ORD-100303,2023-02-02,CUST-1233,T-Shirt,Clothing,4,94.94,North,20.7
ORD-102868,2023-07-10,CUST-0186,Printer,Office Supplies,3,466.65,North,40.85
ORD-101511,2023-08-11,CUST-1398,Smartphone,Electronics,1,559.95,West,93.0
ORD-102996,2023-03-09,CUST-0939,Jeans,Clothing,1,56.52,Central,19.13
ORD-103297,2023-12-01,CUST-0001,T-Shirt,Clothing,4,96.81,South,31.67
ORD-102778,2023-05-24,CUST-0910,Headphones,Electronics,5,411.07,South,89.93
ORD-102177,2023-05-08,CUST-1046,Mouse,Office Supplies,4,83.9,North,24.62
ORD-103335,2023-06-24,CUST-1381,Monitor,Electronics,4,995.01,West,143.39
ORD-101423,2023-07-20,CUST-0401,Office Chair,Furniture,2,358.66,Central,59.26
ORD-102422,2023-06-28,CUST-0816,Keyboard,Office Supplies,5,216.7,North,67.63
ORD-101679,2023-03-14,CUST-0679,T-Shirt,Clothing,1,24.39,Central,6.98
ORD-100063,2023-11-07,CUST-0206,Keyboard,Office Supplies,3,126.26,North,38.55
ORD-103457,2023-10-02,CUST-0551,Printer,Office Supplies,4,576.83,East,55.61
ORD-101347,2023-07-20,CUST-0469,Office Chair,Furniture,3,575.08,North,127.32
ORD-103646,2023-06-19,CUST-0347,Monitor,Electronics,2,483.35,Central,66.0
ORD-101334,2023-08-07,CUST-1132,Notebook Pack,Others,3,37.77,South,13.61
ORD-101133,2023-08-30,CUST-0216,Keyboard,Office Supplies,4,169.17,South,47.91
ORD-101469,2023-02-26,CUST-1350,Smartphone,Electronics,4,2292.41,North,626.5
ORD-101740,2023-08-10,CUST-0215,Headphones,Electronics,4,376.25,East,90.04
ORD-104698,2023-04-27,CUST-1260,T-Shirt,Clothing,3,68.59,South,21.07
ORD-102701,2023-10-09,CUST-0546,T-Shirt,Clothing,3,81.99,North,22.93
ORD-101228,2023-06-09,CUST-0689,Notebook Pack,Others,3,34.14,Central,12.01
ORD-103419,2023-02-27,CUST-1151,Mouse,Office Supplies,2,36.82,North,8.32
ORD-102997,2023-05-17,CUST-1345,Headphones,Electronics,2,183.41,South,48.65
ORD-103639,2023-12-20,CUST-0334,T-Shirt,Clothing,3,82.4,Central,26.43
ORD-102615,2023-11-06,CUST-1314,T-Shirt,Clothing,2,51.66,West,16.8
ORD-100672,2023-05-02,CUST-1132,Notebook Pack,Others,3,36.96,North,12.72
ORD-100450,2023-10-19,CUST-0564,Laptop,Electronics,5,4349.98,North,770.93
ORD-103665,2023-04-04,CUST-0879,Office Chair,Furniture,1,180.03,South,20.94
ORD-100645,2023-11-12,CUST-0768,Mouse,Office Supplies,1,18.58,East,5.57
ORD-100621,2023-06-05,CUST-0920,T-Shirt,Clothing,4,98.14,South,28.5
ORD-104369,2023-01-25,CUST-0447,Desk,Furniture,2,656.36,East,44.31
ORD-101725,2023-08-24,CUST-0980,Laptop,Electronics,2,1775.43,North,257.78
ORD-102551,2023-09-23,CUST-0246,T-Shirt,Clothing,2,46.34,Central,13.01
ORD-102628,2023-02-20,CUST-1034,Headphones,Electronics,4,392.99,Central,90.25
ORD-102214,2023-01-01,CUST-0616,Printer,Office Supplies,4,564.04,North,62.16
ORD-104546,2023-11-25,CUST-0715,Notebook Pack,Others,1,12.23,South,4.68
ORD-103130,2023-12-06,CUST-0747,Office Chair,Furniture,2,364.47,East,49.08
ORD-101829,2023-04-07,CUST-0773,T-Shirt,Clothing,2,51.51,West,13.81
ORD-101505,2023-10-05,CUST-0458,T-Shirt,Clothing,3,79.41,South,23.02
ORD-104956,2023-05-10,CUST-1188,Mouse,Office Supplies,2,36.57,East,10.59
ORD-104263,2023-08-31,CUST-0147,Mouse,Office Supplies,1,19.31,South,5.4
ORD-102512,2023-12-27,CUST-0100,Smartphone,Electronics,5,3053.75,North,689.9
ORD-100260,2023-03-07,CUST-0719,Smartphone,Electronics,4,2306.78,East,385.01
ORD-102741,2023-11-18,CUST-0988,Mouse,Office Supplies,2,41.79,Central,10.6
ORD-101953,2023-10-03,CUST-1292,Notebook Pack,Others,3,38.51,East,13.56
ORD-102505,2023-06-06,CUST-0671,Laptop,Electronics,5,4631.71,East,761.87
ORD-104774,2023-10-11,CUST-0171,Laptop,Electronics,2,1623.74,West,371.34
ORD-100209,2023-10-29,CUST-0293,T-Shirt,Clothing,2,52.5,South,13.68
ORD-102511,2023-12-02,CUST-0077,Office Chair,Furniture,5,848.15,South,139.79
ORD-100800,2023-07-08,CUST-0352,Keyboard,Office Supplies,1,46.96,West,13.52
ORD-103905,2023-02-13,CUST-0638,Jeans,Clothing,1,58.55,West,23.38
ORD-100399,2023-07-18,CUST-0925,Desk,Furniture,3,915.41,Central,168.22
ORD-103887,2023-08-06,CUST-0544,Mouse,Office Supplies,1,18.64,South,4.56
ORD-100618,2023-12-16,CUST-0443,Smartphone,Electronics,5,2825.22,South,475.43
ORD-100931,2023-10-23,CUST-0113,Office Chair,Furniture,4,719.56,West,91.72
ORD-103985,2023-11-28,CUST-1353,Laptop,Electronics,5,4477.9,North,1056.3
ORD-104255,2023-06-17,CUST-0984,Laptop,Electronics,3,2432.37,West,434.86
ORD-104000,2023-05-26,CUST-0985,Keyboard,Office Supplies,2,81.21,North,20.08
ORD-103759,2023-02-09,CUST-1004,Smartphone,Electronics,3,1700.88,West,313.55
ORD-102117,2023-10-22,CUST-0445,Laptop,Electronics,5,4088.63,Central,682.17
ORD-104561,2023-09-20,CUST-1477,Headphones,Electronics,3,285.28,East,51.0
ORD-102483,2023-03-06,CUST-0553,Monitor,Electronics,3,766.01,West,105.38
ORD-104595,2023-01-29,CUST-0458,Notebook Pack,Others,1,12.85,North,4.6
ORD-101014,2023-06-23,CUST-0883,Monitor,Electronics,2,502.63,South,75.62
ORD-102533,2023-01-28,CUST-0540,Laptop,Electronics,4,3413.55,West,377.11
ORD-101012,2023-01-12,CUST-0348,Desk,Furniture,3,1001.93,East,112.5
ORD-103126,2023-07-13,CUST-0115,T-Shirt,Clothing,3,72.02,South,23.35
ORD-102984,2023-05-02,CUST-1221,Laptop,Electronics,1,926.56,North,107.81
ORD-101061,2023-05-06,CUST-0828,Jeans,Clothing,1,51.61,North,14.93
ORD-104817,2023-08-04,CUST-0684,T-Shirt,Clothing,3,73.18,North,23.44
ORD-100370,2023-02-15,CUST-0512,Keyboard,Office Supplies,1,48.38,North,14.13
ORD-102544,2023-08-14,CUST-1291,T-Shirt,Clothing,2,51.25,South,15.99
ORD-103417,2023-08-10,CUST-0006,Mouse,Office Supplies,1,20.75,South,5.9
ORD-102461,2023-11-28,CUST-1184,Jeans,Clothing,4,209.0,North,58.06
ORD-103189,2023-12-31,CUST-0450,Headphones,Electronics,1,95.95,West,19.8
ORD-102209,2023-06-06,CUST-1233,Smartphone,Electronics,1,627.42,East,118.62
ORD-101995,2023-10-25,CUST-1282,Keyboard,Office Supplies,3,122.04,South,31.24
ORD-103682,2023-07-06,CUST-0494,Office Chair,Furniture,4,650.48,East,86.6
ORD-101937,2023-08-15,CUST-0775,Jeans,Clothing,1,55.79,North,11.71
ORD-103594,2023-12-23,CUST-0520,Laptop,Electronics,1,821.29,East,117.77
ORD-103433,2023-09-28,Unknown,Headphones,Electronics,5,458.03,South,140.02
ORD-101147,2023-11-11,CUST-1065,Mouse,Office Supplies,2,37.59,North,11.38
ORD-101454,2023-12-30,CUST-0484,Monitor,Electronics,5,1149.25,West,193.78
ORD-101938,2023-08-10,CUST-1116,Headphones,Electronics,5,481.59,South,125.69
ORD-100797,2023-09-09,CUST-1482,Smartphone,Electronics,4,2504.13,South,447.38
ORD-104330,2023-01-23,CUST-1347,Smartphone,Electronics,4,2509.49,East,387.95
ORD-101595,2023-11-28,CUST-0462,Jeans,Clothing,2,107.21,East,25.48
ORD-103662,2023-08-01,CUST-1277,Mouse,Office Supplies,1,20.15,East,5.67
ORD-102112,2023-12-08,CUST-0061,Smartphone,Electronics,3,1643.59,Central,394.5
ORD-100361,2023-08-29,CUST-0233,Smartphone,Electronics,5,2986.43,West,601.49
ORD-102653,2023-11-05,CUST-0171,Keyboard,Office Supplies,2,96.26,East,22.45
ORD-100490,2023-11-11,CUST-0477,Keyboard,Office Supplies,5,234.34,Central,62.89
ORD-100296,2023-08-01,CUST-0580,Notebook Pack,Others,1,11.06,South,4.09
ORD-101912,2023-10-20,CUST-0930,Printer,Office Supplies,3,444.68,South,30.09
ORD-102854,2023-03-26,CUST-0512,Keyboard,Office Supplies,3,141.73,South,32.0
ORD-103785,2023-01-24,CUST-0107,Printer,Office Supplies,3,419.11,East,31.11
ORD-104165,2023-10-18,CUST-0088,Headphones,Electronics,3,269.6,Central,78.19
ORD-100893,2023-10-29,CUST-0366,Smartphone,Electronics,2,1243.81,West,247.27
ORD-104613,2023-01-27,CUST-0721,Desk,Furniture,3,928.9,North,119.88
ORD-103124,2023-02-09,CUST-1003,Smartphone,Electronics,2,1200.71,North,166.16
ORD-102383,2023-02-19,CUST-0221,Laptop,Electronics,4,3818.1,East,624.88
ORD-104116,2023-12-11,CUST-1128,T-Shirt,Clothing,3,77.67,South,25.55
ORD-101090,2023-07-30,CUST-1286,Headphones,Electronics,1,85.5,East,17.83
ORD-100627,2023-08-21,CUST-1391,Laptop,Electronics,2,1844.95,North,319.54
ORD-104026,2023-05-25,CUST-0689,Jeans,Clothing,4,202.11,North,54.44
ORD-104358,2023-08-03,CUST-0806,T-Shirt,Clothing,5,132.07,North,36.7
ORD-104518,2023-05-09,CUST-0106,Keyboard,Office Supplies,1,49.31,North,11.66
ORD-100074,2023-10-08,CUST-0393,Laptop,Electronics,1,912.71,East,163.98
ORD-101338,2023-09-10,CUST-0449,Mouse,Office Supplies,4,80.01,East,19.6
ORD-104045,2023-05-04,CUST-0381,Headphones,Electronics,1,96.14,West,21.33
ORD-102041,2023-12-24,CUST-0187,Mouse,Office Supplies,4,84.72,South,24.67
ORD-100887,2023-09-27,CUST-0480,Smartphone,Electronics,5,2753.32,West,288.98
ORD-103434,2023-05-29,CUST-0192,Laptop,Electronics,1,964.55,North,182.88
ORD-104501,2023-07-15,CUST-1475,Desk,Furniture,1,292.66,North,47.66
ORD-102000,2023-07-05,CUST-0518,Mouse,Office Supplies,5,101.9,South,25.56
ORD-101417,2023-01-22,CUST-1318,T-Shirt,Clothing,3,77.71,North,30.19
ORD-104513,2023-06-13,CUST-0935,Smartphone,Electronics,2,1284.52,East,283.68
ORD-104192,2023-08-14,CUST-0448,T-Shirt,Clothing,4,98.05,East,20.87
ORD-104767,2023-01-23,CUST-0664,T-Shirt,Clothing,1,24.14,West,9.58
ORD-104204,2023-10-30,CUST-1123,Keyboard,Office Supplies,2,88.0,West,18.97
ORD-103610,2023-04-11,CUST-0496,Jeans,Clothing,3,167.78,South,58.77
ORD-103034,2023-11-27,CUST-1256,Notebook Pack,Others,4,47.28,South,16.33
ORD-100662,2023-04-06,CUST-0640,Smartphone,Electronics,4,2594.07,West,421.11
ORD-104104,2023-07-14,CUST-0621,Printer,Office Supplies,1,136.94,North,14.26
ORD-102673,2023-06-06,CUST-0940,Desk,Furniture,5,1525.05,West,87.79
ORD-101788,2023-07-13,CUST-0425,Mouse,Office Supplies,1,20.97,West,6.28
ORD-100971,2023-11-30,CUST-1316,Laptop,Electronics,4,3740.74,South,706.32
ORD-102490,2023-07-04,CUST-0672,Notebook Pack,Others,4,50.26,South,20.15
ORD-101060,2023-09-24,CUST-0653,Notebook Pack,Others,3,36.05,West,12.42
ORD-100034,2023-10-14,CUST-0508,Desk,Furniture,1,342.15,East,20.32
ORD-102494,2023-08-19,CUST-1231,Mouse,Office Supplies,4,80.15,North,19.63
ORD-100989,2023-11-11,CUST-0809,Mouse,Office Supplies,5,99.2,South,27.19
ORD-104636,2023-01-09,CUST-0520,Monitor,Electronics,2,520.73,North,104.25
ORD-104149,2023-10-18,CUST-0943,Office Chair,Furniture,3,503.02,East,55.79
ORD-100639,2023-04-30,CUST-1143,Mouse,Office Supplies,3,58.64,West,15.04
ORD-100871,2023-02-03,CUST-0311,Laptop,Electronics,2,1962.2,South,383.11
ORD-104471,2023-10-13,CUST-0858,Headphones,Electronics,2,189.97,North,38.78
ORD-104895,2023-05-15,CUST-0399,T-Shirt,Clothing,3,80.0,North,26.61
ORD-102215,2023-02-17,CUST-0275,Laptop,Electronics,5,4504.47,West,817.83
ORD-103893,2023-09-22,CUST-1431,T-Shirt,Clothing,4,92.29,South,27.94
ORD-102347,2023-06-06,CUST-0754,Mouse,Office Supplies,1,19.82,North,5.53
ORD-100099,2023-12-24,CUST-0869,Notebook Pack,Others,2,22.65,Central,8.69
ORD-102587,2023-12-28,CUST-1448,Smartphone,Electronics,4,2193.59,South,292.29
ORD-101096,2023-10-07,CUST-0629,Headphones,Electronics,4,352.33,East,68.43
ORD-102253,2023-03-31,CUST-1050,T-Shirt,Clothing,4,94.05,South,29.87
ORD-102386,2023-07-15,CUST-1315,Notebook Pack,Others,3,37.73,South,12.35
ORD-100771,2023-10-12,CUST-0783,T-Shirt,Clothing,5,112.57,Unknown,36.18
ORD-100109,2023-10-26,CUST-1454,Printer,Office Supplies,5,802.46,South,87.63
ORD-104218,2023-06-10,CUST-0182,Notebook Pack,Others,4,52.59,West,16.93
ORD-103230,2023-09-21,CUST-0890,Desk,Furniture,1,293.08,North,34.92
ORD-104603,2023-08-29,CUST-0121,Jeans,Clothing,4,222.73,East,60.27
ORD-103809,2023-06-24,CUST-0131,Mouse,Office Supplies,5,99.74,North,19.41
ORD-103008,2023-12-02,CUST-0005,Laptop,Electronics,2,1656.47,West,413.16
ORD-102619,2023-09-16,CUST-0682,Printer,Office Supplies,5,705.65,East,57.94
ORD-104871,2023-06-08,CUST-1436,Headphones,Electronics,1,91.47,East,19.48
ORD-104202,2023-10-22,CUST-0972,Smartphone,Electronics,5,2880.81,North,546.61
ORD-101059,2023-10-23,CUST-0347,Keyboard,Office Supplies,2,88.63,North,22.1
ORD-102497,2023-08-13,CUST-0479,Headphones,Electronics,1,95.09,East,21.79
ORD-104893,2023-08-23,CUST-1233,Headphones,Electronics,1,89.5,Central,19.24
ORD-102152,2023-09-15,CUST-0967,Keyboard,Office Supplies,5,230.8,Unknown,61.12
ORD-103382,2023-10-10,CUST-0930,Printer,Office Supplies,1,144.37,North,11.37
ORD-104869,2023-01-04,CUST-0035,Jeans,Clothing,5,278.68,South,79.41
ORD-103031,2023-06-21,CUST-0478,Laptop,Electronics,3,2955.42,East,416.78
ORD-100182,2023-01-07,CUST-0686,T-Shirt,Clothing,5,132.29,Central,48.68
ORD-103091,2023-11-05,CUST-0664,Printer,Office Supplies,2,307.82,North,27.29
ORD-102892,2023-04-02,CUST-0569,Jeans,Clothing,4,240.37,South,58.18
ORD-101457,2023-11-27,CUST-0902,Desk,Furniture,1,345.18,South,50.81
ORD-101446,2023-09-03,CUST-0662,Printer,Office Supplies,2,297.06,Central,30.16
ORD-100564,2023-12-20,CUST-0559,Jeans,Clothing,4,222.86,South,61.0
ORD-101719,2023-04-03,CUST-0477,Mouse,Office Supplies,1,19.49,North,4.46
ORD-101304,2023-09-25,CUST-1249,Mouse,Office Supplies,3,64.5,South,15.37
ORD-100129,2023-12-03,CUST-0063,T-Shirt,Clothing,2,49.21,North,11.11
ORD-102055,2023-02-12,CUST-0539,T-Shirt,Clothing,1,23.5,West,7.89
ORD-101580,2023-10-04,CUST-0302,Mouse,Office Supplies,3,63.35,Central,14.42
ORD-103601,2023-05-29,CUST-1377,Smartphone,Electronics,5,2856.96,West,517.32
ORD-101237,2023-08-10,CUST-0593,Office Chair,Furniture,3,539.43,West,58.92
ORD-101232,2023-02-24,CUST-0653,Smartphone,Electronics,3,1686.0,East,277.7
ORD-103134,2023-10-06,CUST-1319,Keyboard,Office Supplies,3,147.58,South,34.21
ORD-104137,2023-06-05,CUST-0100,Mouse,Office Supplies,2,42.69,Central,9.66
ORD-103605,2023-06-29,CUST-1153,Laptop,Electronics,4,3274.02,East,310.22
ORD-103370,2023-04-27,CUST-0592,Printer,Office Supplies,3,465.38,West,36.13
ORD-104205,2023-07-28,CUST-0708,Keyboard,Office Supplies,3,142.74,East,31.44
ORD-103778,2023-06-10,CUST-1486,Keyboard,Office Supplies,5,203.14,East,53.43
ORD-100024,2023-01-29,CUST-0669,Keyboard,Office Supplies,3,143.52,North,29.59
ORD-101773,2023-04-06,CUST-1188,Mouse,Office Supplies,2,37.15,North,10.17
ORD-100138,2023-03-30,CUST-0947,Keyboard,Office Supplies,5,236.49,Unknown,48.61
ORD-100192,2023-01-06,CUST-1442,Smartphone,Electronics,4,2316.56,East,333.24
ORD-100420,2023-11-25,CUST-0121,Jeans,Clothing,1,56.76,Central,16.16
ORD-100805,2023-05-21,CUST-0147,Smartphone,Electronics,4,2547.5,South,287.58
ORD-104420,2023-07-30,CUST-0812,Monitor,Electronics,5,1341.55,North,148.77
ORD-102301,2023-10-21,CUST-0730,Keyboard,Office Supplies,4,176.16,South,45.2
ORD-104716,2023-01-07,CUST-0943,Monitor,Electronics,4,1065.58,West,158.15
ORD-104421,2023-07-07,CUST-0119,Smartphone,Electronics,1,637.49,West,150.18
ORD-103498,2023-02-11,CUST-1338,Office Chair,Furniture,1,194.74,East,23.74
ORD-101154,2023-08-06,CUST-0035,T-Shirt,Clothing,4,99.11,West,30.17
ORD-102280,2023-09-10,CUST-0204,Office Chair,Furniture,1,164.07,Central,16.22
ORD-101628,2023-06-29,CUST-0147,Smartphone,Electronics,3,1660.08,North,240.71
ORD-100463,2023-12-01,CUST-0980,Monitor,Electronics,1,250.04,East,39.44
ORD-103810,2023-08-25,CUST-0289,T-Shirt,Clothing,2,52.56,West,16.7
ORD-104803,2023-04-03,CUST-0562,Desk,Furniture,3,995.1,North,60.42
ORD-101855,2023-10-26,CUST-0249,Notebook Pack,Others,3,35.23,West,11.76
ORD-104377,2023-03-01,CUST-0645,Smartphone,Electronics,4,2614.23,West,386.61
ORD-100441,2023-02-07,CUST-0947,Smartphone,Electronics,2,1305.96,North,254.01
ORD-100549,2023-05-20,CUST-0574,Desk,Furniture,3,998.79,North,125.58
ORD-101285,2023-10-14,CUST-0816,Printer,Office Supplies,1,155.28,East,14.59
ORD-103349,2023-09-07,CUST-0399,Office Chair,Furniture,2,347.32,Unknown,50.98
ORD-101617,2023-01-23,CUST-1106,T-Shirt,Clothing,1,26.9,West,8.04
ORD-103156,2023-06-01,CUST-0997,Laptop,Electronics,4,3774.39,North,658.87
ORD-101290,2023-10-27,CUST-1038,Desk,Furniture,4,1239.1,South,105.45
ORD-101424,2023-04-27,CUST-0647,Office Chair,Furniture,4,750.45,North,142.19
ORD-100680,2023-11-16,CUST-0777,Laptop,Electronics,5,4634.71,East,909.6
ORD-101774,2023-06-24,CUST-0630,Jeans,Clothing,5,274.56,East,88.17
ORD-103722,2023-10-31,CUST-0257,Mouse,Office Supplies,5,106.5,West,27.64
ORD-101129,2023-12-07,CUST-0462,Notebook Pack,Others,2,23.78,Central,8.47
ORD-104823,2023-09-27,CUST-1381,Keyboard,Office Supplies,3,143.87,West,31.69
ORD-102168,2023-12-10,CUST-0542,Monitor,Electronics,4,1046.43,East,93.43
ORD-100452,2023-12-08,CUST-1219,Keyboard,Office Supplies,3,145.44,Central,42.06
ORD-100678,2023-03-28,CUST-0445,Smartphone,Electronics,2,1259.24,South,214.9
ORD-100992,2023-12-01,CUST-0414,Mouse,Office Supplies,5,92.16,West,15.49
ORD-104457,2023-03-12,CUST-1095,T-Shirt,Clothing,5,135.72,North,39.64
ORD-101023,2023-07-16,CUST-0615,T-Shirt,Clothing,4,102.89,North,36.09
ORD-104176,2023-02-12,CUST-0847,Jeans,Clothing,2,114.35,North,30.77
ORD-104669,2023-05-23,CUST-1174,Headphones,Electronics,5,408.79,East,106.89
ORD-102264,2023-04-24,CUST-1174,T-Shirt,Clothing,2,52.39,West,13.58
ORD-103072,2023-06-19,CUST-1120,Mouse,Office Supplies,4,77.77,North,23.24
ORD-101585,2023-02-18,CUST-0511,Notebook Pack,Others,4,43.49,East,16.31
ORD-100751,2023-09-06,CUST-1187,Monitor,Electronics,2,528.59,North,79.98
ORD-100588,2023-12-10,CUST-0260,Smartphone,Electronics,5,3005.71,South,698.21
ORD-104828,2023-08-16,CUST-1463,Mouse,Office Supplies,3,58.5,West,15.67
ORD-103805,2023-09-11,CUST-0986,Smartphone,Electronics,5,3025.47,South,658.27
ORD-100503,2023-01-23,CUST-0087,T-Shirt,Clothing,1,27.48,South,8.84
ORD-103971,2023-08-18,CUST-0477,Smartphone,Electronics,4,2229.55,Central,560.92
ORD-102919,2023-09-18,CUST-0669,Keyboard,Office Supplies,1,43.65,Central,11.3
ORD-100845,2023-10-14,CUST-1312,Mouse,Office Supplies,1,19.32,South,4.93
ORD-104881,2023-11-18,CUST-0959,T-Shirt,Clothing,3,72.05,West,21.36
ORD-103815,2023-10-23,CUST-0543,Office Chair,Furniture,4,778.9,South,84.62
ORD-104118,2023-04-22,CUST-1006,Monitor,Electronics,4,1033.9,West,168.04
ORD-104709,2023-06-28,CUST-0170,Monitor,Electronics,5,1334.18,West,258.78
ORD-102197,2023-08-21,CUST-0739,T-Shirt,Clothing,2,47.45,North,15.55
ORD-101608,2023-08-13,CUST-0809,Office Chair,Furniture,1,162.93,East,29.98
ORD-101945,2023-07-15,CUST-0518,Printer,Office Supplies,1,160.37,South,15.57
ORD-100862,2023-01-05,CUST-0852,Keyboard,Office Supplies,2,88.35,West,17.87
ORD-102848,2023-04-05,CUST-0781,Keyboard,Office Supplies,4,165.28,North,46.39
ORD-103264,2023-08-17,CUST-0367,Monitor,Electronics,2,494.89,South,30.28
ORD-101636,2023-05-02,CUST-0639,Office Chair,Furniture,3,591.92,Unknown,108.04
ORD-104579,2023-03-10,CUST-1342,Laptop,Electronics,3,2707.13,South,555.08
ORD-102757,2023-04-17,CUST-0374,Keyboard,Office Supplies,4,193.92,South,61.73
ORD-104352,2023-05-12,CUST-0214,Jeans,Clothing,5,286.75,East,95.78
ORD-102011,2023-07-02,CUST-0109,Headphones,Electronics,4,361.35,East,41.19
ORD-102165,2023-07-29,CUST-1246,Headphones,Electronics,4,374.42,Central,74.12
ORD-103609,2023-11-20,CUST-1140,Headphones,Electronics,5,489.45,West,117.68
ORD-100884,2023-02-28,CUST-1141,Smartphone,Electronics,2,1242.62,West,247.81
ORD-103033,2023-09-25,CUST-0347,Headphones,Electronics,2,194.81,East,45.15
ORD-103621,2023-03-03,CUST-0085,Headphones,Electronics,1,95.68,Central,23.01
ORD-101920,2023-11-10,CUST-0783,T-Shirt,Clothing,2,46.65,North,19.61
ORD-101412,2023-10-22,CUST-1355,Mouse,Office Supplies,5,103.27,Central,22.42
ORD-101386,2023-07-18,CUST-1166,Keyboard,Office Supplies,1,42.31,South,12.41
ORD-100729,2023-11-19,CUST-0846,T-Shirt,Clothing,4,109.85,West,32.47
ORD-102296,2023-09-25,CUST-1124,Keyboard,Office Supplies,5,221.81,West,63.22
ORD-103946,2023-11-05,CUST-1266,Headphones,Electronics,3,279.84,East,69.78
ORD-103363,2023-11-21,CUST-0347,T-Shirt,Clothing,5,127.35,East,32.41
ORD-102847,2023-10-13,CUST-0293,Laptop,Electronics,5,4119.61,South,612.71
ORD-100014,2023-09-08,CUST-0282,Desk,Furniture,5,1579.36,North,-6.49
ORD-104050,2023-03-19,CUST-1328,Notebook Pack,Others,3,35.45,East,12.85
ORD-104592,2023-08-23,CUST-0144,Keyboard,Office Supplies,4,172.81,East,50.3
ORD-100533,2023-04-30,CUST-1074,Jeans,Clothing,1,59.91,South,13.08
ORD-102200,2023-07-15,CUST-0186,Smartphone,Electronics,5,3232.1,South,495.98
ORD-101999,2023-10-26,CUST-0478,T-Shirt,Clothing,4,101.31,Central,26.02
ORD-104551,2023-10-04,CUST-1457,Jeans,Clothing,1,50.17,North,14.02
ORD-102127,2023-05-27,CUST-1406,Monitor,Electronics,2,520.41,Central,67.15
ORD-102606,2023-08-09,CUST-0481,Jeans,Clothing,1,58.76,West,13.92
ORD-103707,2023-05-29,CUST-0903,Jeans,Clothing,1,52.01,North,15.22
ORD-104775,2023-02-16,CUST-1029,Laptop,Electronics,5,4195.32,North,625.84
ORD-100636,2023-01-14,CUST-0382,Jeans,Clothing,4,229.7,East,63.22
ORD-104730,2023-02-23,CUST-0127,Monitor,Electronics,4,1023.32,North,155.36
ORD-102460,2023-06-18,Unknown,Mouse,Office Supplies,4,84.94,West,27.43
ORD-103608,2023-01-08,CUST-1284,Smartphone,Electronics,2,1314.55,Central,115.62
ORD-103571,2023-07-04,CUST-0025,Smartphone,Electronics,1,613.33,West,112.42
ORD-104717,2023-04-11,CUST-0630,T-Shirt,Clothing,2,54.14,Central,13.74
ORD-103536,2023-06-27,CUST-0512,Headphones,Electronics,2,173.02,North,33.14
ORD-102328,2023-04-12,CUST-1347,T-Shirt,Clothing,5,113.99,East,35.59
ORD-104245,2023-12-15,CUST-1063,Headphones,Electronics,5,415.54,North,95.2
ORD-104239,2023-08-26,CUST-1090,Jeans,Clothing,1,56.35,East,16.4
ORD-102208,2023-09-22,CUST-0760,Smartphone,Electronics,1,644.87,East,157.35
ORD-103691,2023-01-30,Unknown,T-Shirt,Clothing,2,48.27,West,10.3
ORD-103257,2023-03-15,CUST-0657,Monitor,Electronics,5,1257.38,South,189.04
ORD-103246,2023-01-06,CUST-0143,Monitor,Electronics,2,520.42,West,77.81
ORD-100518,2023-07-09,CUST-0856,Laptop,Electronics,4,3405.47,North,697.41
ORD-103950,2023-10-28,CUST-0740,Office Chair,Furniture,1,194.08,North,24.09
ORD-104197,2023-03-27,CUST-1055,Mouse,Office Supplies,3,61.3,South,18.74
ORD-103056,2023-01-05,CUST-1284,Jeans,Clothing,3,151.13,East,34.3
ORD-100368,2023-05-05,CUST-1028,Monitor,Electronics,1,239.86,South,41.38
ORD-104022,2023-12-02,CUST-0317,Monitor,Electronics,1,258.05,North,66.36
ORD-100015,2023-08-26,CUST-0745,Headphones,Electronics,3,291.26,North,49.58
ORD-102933,2023-04-02,CUST-1457,Mouse,Office Supplies,3,65.6,West,20.95
ORD-101871,2023-07-21,CUST-0037,Desk,Furniture,3,993.74,South,124.66
ORD-100684,2023-08-13,CUST-0355,Jeans,Clothing,3,152.65,Central,30.48
ORD-103940,2023-09-26,CUST-1021,Laptop,Electronics,2,1758.78,North,309.1
ORD-100541,2023-12-16,CUST-0691,T-Shirt,Clothing,3,75.13,West,28.65
ORD-102092,2023-10-29,CUST-1157,T-Shirt,Clothing,1,26.09,North,9.16
ORD-100151,2023-03-23,CUST-0397,Printer,Office Supplies,3,493.28,South,75.11
ORD-101601,2023-06-01,CUST-1092,Smartphone,Electronics,4,2274.08,Central,386.62
ORD-104983,2023-12-31,CUST-1027,Smartphone,Electronics,1,602.06,Unknown,48.25
ORD-101574,2023-12-21,CUST-0959,Smartphone,Electronics,1,648.87,East,95.12
ORD-103814,2023-10-31,CUST-0604,Desk,Furniture,5,1622.88,West,201.44
ORD-102457,2023-06-15,CUST-0644,Smartphone,Electronics,1,609.38,West,100.95
ORD-100735,2023-10-14,CUST-1096,Keyboard,Office Supplies,4,190.75,East,52.39
ORD-104525,2023-07-19,CUST-1199,T-Shirt,Clothing,3,79.09,West,18.1
ORD-102698,2023-09-27,CUST-1478,Office Chair,Furniture,2,375.97,West,60.22
ORD-100740,2023-08-06,CUST-0289,Laptop,Electronics,3,2729.48,West,169.4
ORD-104740,2023-07-01,CUST-0404,Headphones,Electronics,4,351.13,West,90.07
ORD-102417,2023-01-12,CUST-0007,T-Shirt,Clothing,5,132.03,South,41.95
ORD-101537,2023-05-09,CUST-0932,Keyboard,Office Supplies,3,145.3,East,38.41
ORD-101659,2023-10-17,CUST-1426,Laptop,Electronics,3,2665.95,West,480.96
ORD-101704,2023-02-06,CUST-0512,T-Shirt,Clothing,4,97.42,Central,27.48
ORD-103838,2023-09-14,CUST-0913,Mouse,Office Supplies,3,54.64,Central,12.54
ORD-100350,2023-11-22,CUST-0886,Jeans,Clothing,1,51.28,North,12.43
ORD-102366,2023-08-14,CUST-1067,Headphones,Electronics,2,194.49,North,49.73
ORD-101441,2023-10-06,CUST-0686,Laptop,Electronics,3,2917.96,North,289.24
ORD-104380,2023-05-08,CUST-0449,T-Shirt,Clothing,3,68.06,North,23.05
ORD-103423,2023-11-09,CUST-0034,Office Chair,Furniture,3,527.53,South,82.14
ORD-103660,2023-10-01,CUST-0635,Headphones,Electronics,3,274.16,West,80.46
ORD-101422,2023-11-21,CUST-0312,Desk,Furniture,5,1634.76,East,247.8
ORD-103176,2023-11-07,CUST-0049,Mouse,Office Supplies,2,36.31,North,6.49
ORD-102138,2023-08-04,CUST-0992,Keyboard,Office Supplies,5,229.14,South,46.73
ORD-102726,2023-06-07,CUST-0994,Keyboard,Office Supplies,5,212.17,East,36.73
ORD-101320,2023-09-28,CUST-1255,T-Shirt,Clothing,1,26.52,North,8.58
ORD-104018,2023-07-29,CUST-0656,Laptop,Electronics,5,4213.46,South,588.92
ORD-101253,2023-09-26,CUST-0413,Jeans,Clothing,4,201.11,Central,52.5
ORD-104649,2023-09-24,CUST-0207,Desk,Furniture,3,864.68,North,122.07
ORD-103466,2023-03-18,CUST-1353,Jeans,Clothing,3,157.34,West,45.37
ORD-100642,2023-10-17,CUST-1253,Laptop,Electronics,4,3488.81,West,651.8
ORD-101292,2023-10-08,CUST-1228,T-Shirt,Clothing,3,71.54,South,23.24
ORD-104362,2023-11-03,CUST-0949,Jeans,Clothing,2,112.42,North,24.88
ORD-102058,2023-03-17,CUST-0896,Smartphone,Electronics,5,2942.0,Central,445.64
ORD-101790,2023-09-13,CUST-0121,Keyboard,Office Supplies,4,185.2,South,43.55
ORD-104986,2023-02-02,CUST-1181,Jeans,Clothing,3,174.18,Unknown,55.5
ORD-101549,2023-03-23,CUST-0619,Headphones,Electronics,4,358.43,South,63.96
ORD-102932,2023-05-11,CUST-0558,T-Shirt,Clothing,4,91.67,West,27.3
ORD-101727,2023-09-26,CUST-1028,Mouse,Office Supplies,5,93.87,Central,33.03
ORD-103999,2023-09-28,CUST-0344,Smartphone,Electronics,5,3070.51,Central,419.45
ORD-104189,2023-09-04,CUST-0393,T-Shirt,Clothing,1,25.32,East,8.71
ORD-102049,2023-11-03,CUST-1110,Monitor,Electronics,2,451.68,East,95.29
ORD-102375,2023-04-06,CUST-0044,Smartphone,Electronics,2,1255.27,South,161.38
ORD-101564,2023-03-08,CUST-0295,Mouse,Office Supplies,3,65.73,Central,12.82
ORD-101038,2023-08-14,CUST-0572,Desk,Furniture,2,642.4,South,74.33
ORD-102479,2023-07-26,CUST-1410,Notebook Pack,Others,4,49.02,North,15.99
ORD-101970,2023-09-05,CUST-1068,Monitor,Electronics,4,1052.16,North,151.87
ORD-102623,2023-11-05,CUST-1167,Printer,Office Supplies,4,621.31,North,94.97
ORD-103925,2023-07-30,CUST-0038,T-Shirt,Clothing,4,93.91,East,33.59
ORD-103892,2023-11-07,CUST-0398,T-Shirt,Clothing,4,105.81,South,36.77
ORD-102975,2023-08-29,CUST-0748,Mouse,Office Supplies,5,107.74,South,25.24
ORD-102685,2023-11-18,CUST-0041,Keyboard,Office Supplies,4,178.17,South,46.34
ORD-100019,2023-05-28,CUST-0328,Jeans,Clothing,4,213.28,North,59.07
ORD-104760,2023-07-18,CUST-0120,T-Shirt,Clothing,2,52.7,North,14.75
ORD-104043,2023-12-24,CUST-0467,Printer,Office Supplies,2,296.88,Central,52.64
ORD-102710,2023-11-19,CUST-1023,Notebook Pack,Others,1,13.09,South,4.6
ORD-100628,2023-09-11,CUST-1242,T-Shirt,Clothing,5,130.78,East,30.03
ORD-101450,2023-10-10,CUST-0229,Mouse,Office Supplies,1,21.07,Unknown,6.56
ORD-101160,2023-06-20,CUST-0125,Laptop,Electronics,5,4212.88,West,500.18
ORD-104822,2023-04-18,CUST-1275,Jeans,Clothing,3,150.49,South,36.62
ORD-101630,2023-08-09,CUST-0115,T-Shirt,Clothing,1,22.58,East,7.52
ORD-103449,2023-06-04,CUST-0344,Mouse,Office Supplies,3,58.13,West,17.38
ORD-102527,2023-09-15,CUST-0452,Printer,Office Supplies,2,322.62,Central,35.07
ORD-102331,2023-08-27,CUST-0775,Office Chair,Furniture,2,347.22,East,29.52
ORD-103988,2023-10-10,CUST-1016,Notebook Pack,Others,5,60.08,North,20.76
ORD-104509,2023-07-16,CUST-1371,Monitor,Electronics,5,1288.25,West,219.01
ORD-101220,2023-08-09,CUST-0891,Laptop,Electronics,4,3412.0,East,392.33
ORD-102057,2023-12-04,CUST-1401,T-Shirt,Clothing,4,108.51,West,35.74
ORD-101207,2023-11-29,CUST-1101,T-Shirt,Clothing,4,96.45,North,31.27
ORD-101452,2023-10-09,CUST-0563,Mouse,Office Supplies,5,94.1,South,22.87
ORD-103378,2023-06-17,CUST-1343,Desk,Furniture,5,1737.01,Central,183.41
ORD-102459,2023-06-08,CUST-0114,T-Shirt,Clothing,5,114.93,West,36.71
ORD-101981,2023-02-09,CUST-1396,Office Chair,Furniture,1,169.38,Central,29.83
ORD-104798,2023-03-14,CUST-1474,Mouse,Office Supplies,2,40.8,West,13.21
ORD-104627,2023-08-14,CUST-0075,Monitor,Electronics,1,271.72,West,37.7
ORD-100856,2023-08-24,CUST-0733,Keyboard,Office Supplies,5,236.68,South,68.13
ORD-102670,2023-11-13,CUST-1447,Jeans,Clothing,2,111.95,East,40.74
ORD-102382,2023-03-20,CUST-0683,Smartphone,Electronics,3,1954.9,North,494.28
ORD-103953,2023-10-27,CUST-0501,Keyboard,Office Supplies,3,122.47,South,34.63
ORD-102717,2023-07-05,CUST-0358,Notebook Pack,Others,3,36.45,West,11.8
ORD-101658,2023-07-09,CUST-1348,Office Chair,Furniture,4,738.24,East,124.19
ORD-103774,2023-09-14,CUST-0048,Mouse,Office Supplies,3,61.12,South,19.76
ORD-102589,2023-02-18,CUST-0752,Office Chair,Furniture,2,334.61,Central,27.01
ORD-102944,2023-10-07,CUST-1474,Headphones,Electronics,2,188.08,East,34.94
ORD-102772,2023-07-09,CUST-0778,Mouse,Office Supplies,3,61.82,East,17.72
ORD-101525,2023-09-29,CUST-0753,Smartphone,Electronics,2,1202.75,Central,256.31
ORD-101909,2023-06-07,CUST-0892,Printer,Office Supplies,2,313.36,South,43.68
ORD-103781,2023-08-16,CUST-1339,Mouse,Office Supplies,4,87.29,West,23.51
ORD-102626,2023-11-20,CUST-1002,T-Shirt,Clothing,2,49.13,East,19.74
ORD-101089,2023-07-20,CUST-0057,Desk,Furniture,5,1532.71,North,170.39
ORD-102205,2023-11-05,CUST-1449,T-Shirt,Clothing,3,80.46,East,19.45
ORD-101877,2023-08-28,CUST-1069,Monitor,Electronics,2,455.97,North,49.07
ORD-101696,2023-09-16,CUST-0740,Smartphone,Electronics,2,1122.39,South,283.99
ORD-104163,2023-11-03,CUST-0544,Office Chair,Furniture,2,331.67,South,65.64
ORD-101698,2023-12-17,CUST-1031,Notebook Pack,Others,5,63.43,Central,20.98
ORD-104160,2023-10-05,CUST-0738,T-Shirt,Clothing,5,125.8,North,35.39
ORD-102886,2023-10-20,CUST-1439,Laptop,Electronics,3,2863.78,North,296.8
ORD-104515,2023-11-28,CUST-0226,Monitor,Electronics,5,1187.7,North,205.3
ORD-100120,2023-07-23,CUST-1402,T-Shirt,Clothing,3,71.59,North,26.24
ORD-102745,2023-12-22,CUST-1139,Keyboard,Office Supplies,5,231.07,East,56.41
ORD-101842,2023-09-14,CUST-0970,Smartphone,Electronics,4,2303.96,South,298.37
ORD-102139,2023-02-19,CUST-1339,Mouse,Office Supplies,5,93.61,Central,19.52
ORD-102604,2023-11-05,CUST-0796,Laptop,Electronics,2,1645.18,South,206.79
ORD-100029,2023-03-13,CUST-0641,Jeans,Clothing,3,167.9,South,52.37
ORD-104762,2023-08-13,CUST-0315,Printer,Office Supplies,2,304.16,North,26.62
ORD-100777,2023-06-16,CUST-0218,Smartphone,Electronics,5,3293.77,West,540.21
ORD-101438,2023-12-22,CUST-0469,Notebook Pack,Others,4,47.85,West,12.93
ORD-101477,2023-11-30,CUST-0433,Notebook Pack,Others,2,23.9,West,7.65
ORD-100451,2023-06-11,CUST-0100,Mouse,Office Supplies,1,20.64,East,7.21
ORD-103326,2023-10-29,CUST-0465,Office Chair,Furniture,3,529.85,South,72.93
ORD-101888,2023-11-22,CUST-1068,Mouse,Office Supplies,1,18.35,West,5.11
ORD-103022,2023-01-04,CUST-0708,T-Shirt,Clothing,2,46.99,Central,13.23
ORD-103982,2023-01-27,CUST-0897,T-Shirt,Clothing,1,22.62,West,7.28
ORD-101254,2023-08-14,CUST-0649,Smartphone,Electronics,5,2806.42,West,566.42
ORD-103579,2023-11-05,CUST-1197,Laptop,Electronics,2,1740.63,North,406.64
ORD-101667,2023-08-27,CUST-0194,Headphones,Electronics,2,185.34,West,37.69
ORD-100821,2023-04-08,CUST-0651,T-Shirt,Clothing,3,72.28,North,20.36
ORD-101613,2023-09-15,CUST-0828,Office Chair,Furniture,5,928.88,South,118.41
ORD-104407,2023-12-25,CUST-0116,Office Chair,Furniture,1,168.43,South,10.82
ORD-101884,2023-10-19,CUST-1432,Monitor,Electronics,2,503.3,North,63.6
ORD-102936,2023-08-14,CUST-1412,Monitor,Electronics,1,230.73,Central,34.31
ORD-101138,2023-07-27,CUST-1469,Laptop,Electronics,1,841.07,North,98.73
ORD-101948,2023-03-07,CUST-1182,Laptop,Electronics,2,1702.01,West,368.0
ORD-103218,2023-04-22,CUST-0284,Headphones,Electronics,1,87.86,East,14.79
ORD-103488,2023-12-17,CUST-0488,Headphones,Electronics,4,364.53,West,87.61
ORD-102032,2023-12-28,CUST-1225,Monitor,Electronics,2,506.09,West,51.64
ORD-102676,2023-06-17,CUST-0405,Desk,Furniture,1,342.37,North,61.38
ORD-100634,2023-01-29,CUST-0521,Laptop,Electronics,4,3609.51,South,158.43
ORD-100834,2023-02-16,CUST-0774,Keyboard,Office Supplies,3,122.24,West,32.81
ORD-103645,2023-06-28,CUST-0233,Keyboard,Office Supplies,5,220.13,South,75.91
ORD-100049,2023-08-20,CUST-0406,Smartphone,Electronics,4,2630.37,West,413.49
ORD-104444,2023-02-27,Unknown,Smartphone,Electronics,2,1111.39,East,222.88
ORD-100344,2023-09-16,CUST-0631,Keyboard,Office Supplies,2,90.31,North,27.88
ORD-103757,2023-09-05,CUST-1490,Headphones,Electronics,5,431.72,East,83.23
ORD-102541,2023-06-18,CUST-0871,Desk,Furniture,5,1497.13,South,135.16
ORD-101554,2023-09-01,CUST-0383,Headphones,Electronics,5,480.83,South,102.51
ORD-102053,2023-02-25,CUST-1326,Mouse,Office Supplies,4,76.61,West,19.48
ORD-101956,2023-11-01,CUST-0801,T-Shirt,Clothing,3,69.97,West,20.64
ORD-100792,2023-04-23,CUST-0526,Monitor,Electronics,3,816.2,North,106.09
ORD-104243,2023-01-03,CUST-0482,T-Shirt,Clothing,3,79.16,Central,21.95
ORD-103287,2023-05-04,CUST-1226,Office Chair,Furniture,4,766.65,Central,107.42
ORD-104829,2023-08-29,CUST-0688,Printer,Office Supplies,1,161.03,East,13.31
ORD-100754,2023-09-26,CUST-0900,Jeans,Clothing,2,109.32,South,31.22
ORD-102106,2023-10-09,CUST-1138,Keyboard,Office Supplies,2,96.73,West,27.9
ORD-100160,2023-11-04,CUST-0426,Smartphone,Electronics,5,2770.93,West,524.45
ORD-104174,2023-03-19,CUST-0151,Mouse,Office Supplies,1,21.6,South,7.16
ORD-104240,2023-10-06,CUST-0762,Keyboard,Office Supplies,1,46.91,East,15.9
ORD-103524,2023-08-05,CUST-0712,T-Shirt,Clothing,3,75.69,South,19.27
ORD-101892,2023-03-03,CUST-1130,T-Shirt,Clothing,1,24.29,South,7.76
ORD-100128,2023-03-18,CUST-0374,Smartphone,Electronics,4,2244.09,North,394.12
ORD-103493,2023-08-11,CUST-0402,Jeans,Clothing,3,178.72,East,56.67
ORD-104036,2023-07-11,CUST-0068,Monitor,Electronics,4,950.45,West,188.37
ORD-101137,2023-03-12,CUST-0992,Office Chair,Furniture,1,169.75,South,21.05
ORD-101994,2023-12-08,CUST-0394,T-Shirt,Clothing,3,71.56,East,25.83
ORD-104862,2023-07-29,CUST-1298,Headphones,Electronics,1,96.76,South,22.38
ORD-104349,2023-05-11,CUST-1388,Mouse,Office Supplies,5,106.21,North,35.11
ORD-103619,2023-10-15,CUST-0262,Notebook Pack,Others,2,25.5,East,8.29
ORD-100073,2023-11-23,CUST-0335,Headphones,Electronics,2,184.5,Central,38.59
ORD-102219,2023-08-08,CUST-0170,Monitor,Electronics,2,500.07,East,71.6
ORD-104923,2023-07-28,CUST-0606,Mouse,Office Supplies,1,20.38,Central,7.15
ORD-104461,2023-04-21,CUST-1496,Office Chair,Furniture,4,765.41,North,116.29
ORD-100918,2023-02-18,CUST-0383,Monitor,Electronics,4,930.62,East,131.3
ORD-100764,2023-11-26,CUST-0161,Printer,Office Supplies,2,293.19,East,15.46
ORD-100922,2023-08-19,CUST-0591,Jeans,Clothing,5,252.3,Central,69.65
ORD-100926,2023-10-02,CUST-0471,Smartphone,Electronics,1,638.71,Central,104.05
ORD-100288,2023-04-05,CUST-1422,T-Shirt,Clothing,3,79.16,North,23.65
ORD-103870,2023-01-17,CUST-0730,Office Chair,Furniture,5,882.05,East,163.95
ORD-100222,2023-06-04,CUST-1022,Jeans,Clothing,5,284.92,East,74.09
ORD-103129,2023-06-09,CUST-1441,Notebook Pack,Others,3,36.27,West,13.21
ORD-104506,2023-05-11,CUST-0809,Office Chair,Furniture,4,745.99,North,55.33
ORD-102130,2023-12-15,CUST-1445,Smartphone,Electronics,5,3261.71,South,522.81
ORD-102904,2023-12-04,CUST-0546,Office Chair,Furniture,5,949.15,East,108.76
ORD-102308,2023-11-04,CUST-1471,T-Shirt,Clothing,4,107.3,North,32.53
ORD-103882,2023-12-09,CUST-0767,Keyboard,Office Supplies,5,219.93,South,66.01
ORD-100226,2023-05-05,CUST-0764,Laptop,Electronics,4,3465.59,East,690.58
ORD-101088,2023-01-15,CUST-0573,T-Shirt,Clothing,3,77.21,North,22.71
ORD-102263,2023-08-23,CUST-0242,Laptop,Electronics,5,4570.42,South,714.25
ORD-104996,2023-07-18,CUST-1088,Smartphone,Electronics,5,3016.77,South,566.91
ORD-104132,2023-11-19,CUST-0997,Office Chair,Furniture,1,188.91,North,26.77
ORD-104511,2023-01-18,CUST-1402,T-Shirt,Clothing,5,120.95,East,31.81
ORD-103401,2023-03-27,CUST-0397,Mouse,Office Supplies,3,59.09,South,18.21
ORD-103114,2023-09-13,CUST-0524,Desk,Furniture,2,605.66,Central,60.28
ORD-102834,2023-04-27,CUST-0053,Jeans,Clothing,2,112.84,West,25.82
ORD-101447,2023-11-21,CUST-1152,T-Shirt,Clothing,2,46.05,East,12.51
ORD-104389,2023-10-18,CUST-1219,T-Shirt,Clothing,4,96.22,West,31.2
ORD-100048,2023-04-28,CUST-0149,Jeans,Clothing,2,113.51,South,31.9
ORD-100920,2023-08-22,CUST-1134,Smartphone,Electronics,1,540.22,South,110.45
ORD-102636,2023-11-18,CUST-1367,Desk,Furniture,5,1502.68,Central,138.73
ORD-104729,2023-03-09,CUST-0953,Office Chair,Furniture,1,188.49,North,25.45
ORD-102295,2023-04-30,CUST-1393,Laptop,Electronics,4,3919.88,West,791.95
ORD-102478,2023-07-01,CUST-1147,Office Chair,Furniture,1,182.16,North,26.83
ORD-103895,2023-09-18,CUST-0469,Jeans,Clothing,4,216.25,Central,63.12
ORD-100220,2023-05-08,CUST-0150,Monitor,Electronics,3,702.65,South,91.25
ORD-101301,2023-11-19,CUST-0421,T-Shirt,Clothing,4,104.06,South,31.01
ORD-103598,2023-12-14,CUST-0736,Notebook Pack,Others,1,11.16,South,3.62
ORD-101015,2023-05-27,CUST-0049,Smartphone,Electronics,3,1695.63,West,350.94
ORD-104180,2023-05-22,CUST-0189,Keyboard,Office Supplies,4,183.39,North,48.96
ORD-100437,2023-04-17,CUST-0479,T-Shirt,Clothing,2,50.05,North,19.39
ORD-104207,2023-01-23,CUST-0827,Laptop,Electronics,5,4786.36,East,595.06
ORD-104536,2023-05-14,CUST-1469,Jeans,Clothing,4,232.42,North,67.34
ORD-102856,2023-02-17,CUST-1479,Jeans,Clothing,1,57.5,North,16.66
ORD-101517,2023-03-29,CUST-1140,Notebook Pack,Others,1,12.09,South,3.97
ORD-100206,2023-11-17,CUST-1000,Smartphone,Electronics,4,2470.02,North,397.28
ORD-101824,2023-07-21,CUST-1184,Keyboard,Office Supplies,1,40.55,North,6.47
ORD-103851,2023-03-03,CUST-1000,Headphones,Electronics,3,268.0,South,63.67
ORD-101501,2023-01-14,CUST-1286,Notebook Pack,Others,4,44.85,North,18.12
ORD-101021,2023-02-06,CUST-0525,Keyboard,Office Supplies,3,141.47,West,29.75
ORD-101819,2023-02-18,CUST-1136,Jeans,Clothing,1,56.78,North,19.13
ORD-100125,2023-04-21,CUST-0371,T-Shirt,Clothing,4,101.33,East,36.57
ORD-102388,2023-10-08,CUST-0218,Keyboard,Office Supplies,5,229.59,North,60.8
ORD-100110,2023-07-20,CUST-1289,Desk,Furniture,5,1506.19,South,235.31
ORD-103900,2023-12-25,CUST-0056,Smartphone,Electronics,4,2498.05,East,347.0
ORD-104061,2023-01-01,CUST-0406,Keyboard,Office Supplies,2,95.61,North,22.44
ORD-102592,2023-04-26,CUST-1116,Jeans,Clothing,2,101.43,North,18.34
ORD-102237,2023-11-12,CUST-1160,Monitor,Electronics,1,250.92,Central,34.97
ORD-101644,2023-06-24,CUST-0450,Smartphone,Electronics,1,616.91,South,88.18
ORD-102575,2023-12-20,CUST-0375,Jeans,Clothing,2,110.65,East,36.6
ORD-102914,2023-02-06,CUST-1417,Desk,Furniture,2,635.96,West,81.18
ORD-104626,2023-09-21,CUST-0780,Mouse,Office Supplies,3,62.48,West,14.86
ORD-102664,2023-04-08,CUST-0664,T-Shirt,Clothing,5,117.81,East,37.92
ORD-104984,2023-04-08,CUST-0991,Monitor,Electronics,3,771.28,North,152.97
ORD-102022,2023-12-21,CUST-0712,Laptop,Electronics,4,3272.82,North,773.09
ORD-100276,2023-11-09,CUST-0750,Monitor,Electronics,4,936.8,North,162.5
ORD-101102,2023-12-21,CUST-0908,Mouse,Office Supplies,2,38.46,South,10.47
ORD-104108,2023-01-15,CUST-0756,Printer,Office Supplies,3,480.01,South,44.02
ORD-101851,2023-03-03,CUST-0296,Printer,Office Supplies,2,302.5,North,24.46
ORD-104842,2023-07-13,CUST-0143,Headphones,Electronics,5,492.95,North,123.63
ORD-100647,2023-01-16,CUST-0829,T-Shirt,Clothing,4,105.69,North,34.02
ORD-101632,2023-04-01,CUST-0438,Jeans,Clothing,4,198.88,South,56.71
ORD-102949,2023-02-11,CUST-0472,Mouse,Office Supplies,1,21.52,East,4.43
ORD-102879,2023-07-29,CUST-0598,Laptop,Electronics,5,4484.09,North,852.21
ORD-100538,2023-02-21,CUST-1458,Smartphone,Electronics,2,1221.33,West,230.68
ORD-101086,2023-06-08,CUST-0601,Keyboard,Office Supplies,5,216.57,West,48.01
ORD-101124,2023-08-18,CUST-1474,Office Chair,Furniture,2,368.41,West,49.2
ORD-102851,2023-01-09,CUST-0673,Desk,Furniture,3,986.59,Central,62.59
ORD-104479,2023-11-05,CUST-1417,Notebook Pack,Others,4,47.76,North,17.39
ORD-103316,2023-07-17,CUST-1028,Keyboard,Office Supplies,3,122.09,East,26.85
ORD-100532,2023-09-25,CUST-0379,Office Chair,Furniture,1,165.44,West,31.89
ORD-102039,2023-12-13,CUST-1132,Keyboard,Office Supplies,3,141.34,East,50.9
ORD-100783,2023-05-22,CUST-0268,Jeans,Clothing,5,259.34,North,62.66
ORD-104002,2023-02-02,CUST-0036,Mouse,Office Supplies,3,65.31,East,18.12
ORD-104410,2023-12-31,CUST-0774,Office Chair,Furniture,4,763.68,East,192.07
ORD-104739,2023-12-04,CUST-1090,Jeans,Clothing,2,105.18,South,28.76
ORD-101657,2023-07-11,CUST-1114,Mouse,Office Supplies,1,18.83,South,4.61
ORD-103557,2023-05-10,CUST-0779,Printer,Office Supplies,4,567.29,North,59.82
ORD-103236,2023-12-10,CUST-0782,Notebook Pack,Others,5,61.81,South,19.88
ORD-101375,2023-03-13,CUST-0012,Laptop,Electronics,1,902.38,South,175.68
ORD-104113,2023-11-09,CUST-0520,T-Shirt,Clothing,1,24.93,South,7.56
ORD-100122,2023-09-22,CUST-0230,Laptop,Electronics,3,2508.3,Central,315.82
ORD-104390,2023-04-22,CUST-1177,Smartphone,Electronics,2,1152.82,South,239.18
ORD-102270,2023-11-02,CUST-0019,Jeans,Clothing,3,148.84,Central,27.7
ORD-104949,2023-05-22,CUST-0509,Keyboard,Office Supplies,1,48.63,East,7.9
ORD-103330,2023-09-20,CUST-0901,Notebook Pack,Others,4,43.99,East,15.91
ORD-103984,2023-10-06,CUST-1090,Office Chair,Furniture,3,574.26,Central,124.22
ORD-100776,2023-05-28,CUST-0002,Jeans,Clothing,5,251.43,West,57.49
ORD-101881,2023-09-10,CUST-0561,Jeans,Clothing,4,199.68,South,49.57
ORD-100186,2023-06-14,CUST-1348,Office Chair,Furniture,5,817.09,North,49.83
ORD-101563,2023-12-29,CUST-0408,Printer,Office Supplies,1,150.27,Central,22.98
ORD-101460,2023-02-25,CUST-0509,Keyboard,Office Supplies,4,171.16,West,54.02
ORD-101173,2023-07-27,CUST-0439,Keyboard,Office Supplies,2,82.22,North,21.19
ORD-100008,2023-12-09,CUST-1224,Smartphone,Electronics,1,591.83,East,129.69
ORD-102391,2023-06-01,CUST-0290,Keyboard,Office Supplies,2,87.26,North,23.48
ORD-102740,2023-06-17,CUST-1229,Laptop,Electronics,2,1684.65,South,363.72
ORD-100159,2023-09-19,CUST-1474,Keyboard,Office Supplies,3,125.47,North,31.44
ORD-104628,2023-04-28,CUST-0631,Smartphone,Electronics,1,579.73,South,91.72
ORD-104638,2023-09-01,CUST-0153,Smartphone,Electronics,2,1169.08,South,209.57
ORD-104425,2023-08-29,CUST-0802,Office Chair,Furniture,5,827.41,Central,139.21
ORD-101513,2023-02-22,CUST-0167,Keyboard,Office Supplies,3,142.17,South,23.94
ORD-102061,2023-05-15,CUST-1089,Headphones,Electronics,4,334.23,East,66.43
ORD-101586,2023-03-04,CUST-0480,Monitor,Electronics,2,522.5,North,87.7
ORD-104305,2023-12-31,CUST-0342,Smartphone,Electronics,3,1732.21,East,425.06
ORD-104918,2023-05-10,CUST-0044,Printer,Office Supplies,4,545.06,North,25.45
ORD-101569,2023-03-30,CUST-0917,T-Shirt,Clothing,5,113.86,East,38.21
ORD-103117,2023-11-16,CUST-1489,Jeans,Clothing,1,51.01,South,15.23
ORD-101222,2023-06-15,CUST-1078,Printer,Office Supplies,2,300.88,South,47.36
ORD-104141,2023-08-31,CUST-0387,T-Shirt,Clothing,5,136.08,East,37.24
ORD-102082,2023-10-19,CUST-0075,Jeans,Clothing,5,270.77,East,64.77
ORD-102231,2023-10-06,CUST-1168,Jeans,Clothing,1,59.21,North,19.77
ORD-103709,2023-02-20,CUST-0443,Keyboard,Office Supplies,5,238.45,South,51.41
ORD-100198,2023-12-22,CUST-0384,Smartphone,Electronics,5,2790.23,North,450.95
ORD-104568,2023-02-23,CUST-0621,T-Shirt,Clothing,3,81.85,South,26.55
ORD-104451,2023-02-08,CUST-0448,Notebook Pack,Others,4,43.72,East,14.71
ORD-103195,2023-04-08,CUST-0377,Office Chair,Furniture,2,353.4,East,38.56
ORD-100293,2023-11-24,CUST-1306,Smartphone,Electronics,1,601.43,North,46.65
ORD-102596,2023-10-06,CUST-0122,Laptop,Electronics,4,3276.58,West,591.33
ORD-101721,2023-08-08,CUST-0453,Headphones,Electronics,1,92.82,North,20.44
ORD-100336,2023-04-02,CUST-0121,Laptop,Electronics,2,1842.97,East,317.58
ORD-101315,2023-10-19,CUST-0360,Jeans,Clothing,3,181.41,North,39.54
ORD-102719,2023-06-22,CUST-0041,T-Shirt,Clothing,5,121.56,East,36.77
ORD-102850,2023-11-30,CUST-0776,Office Chair,Furniture,1,178.95,Central,23.84
ORD-104721,2023-06-24,CUST-1184,T-Shirt,Clothing,2,53.03,East,16.48
ORD-104705,2023-12-14,CUST-0737,Monitor,Electronics,4,1022.6,North,275.51
ORD-102959,2023-05-07,CUST-0458,Printer,Office Supplies,5,766.33,South,82.28
ORD-101332,2023-12-13,CUST-0244,T-Shirt,Clothing,4,108.63,South,21.99
ORD-104356,2023-12-24,CUST-1473,Notebook Pack,Others,5,60.08,North,24.11
ORD-101905,2023-06-17,CUST-0080,Desk,Furniture,2,601.46,East,55.4
ORD-102193,2023-01-24,CUST-0680,Laptop,Electronics,2,1729.54,West,284.64
ORD-102515,2023-02-10,CUST-0452,Mouse,Office Supplies,3,57.21,Central,19.91
ORD-100641,2023-02-01,CUST-1252,Mouse,Office Supplies,1,19.64,North,6.73
ORD-104757,2023-06-05,CUST-1094,Notebook Pack,Others,1,11.41,South,3.62
ORD-102198,2023-05-20,CUST-0459,Headphones,Electronics,3,264.24,South,77.26
ORD-103754,2023-11-24,CUST-0973,Desk,Furniture,1,294.29,Central,16.56
ORD-104686,2023-03-29,CUST-0627,Headphones,Electronics,2,179.11,South,36.15
ORD-101652,2023-06-22,CUST-0154,Headphones,Electronics,1,95.64,West,23.81
ORD-102852,2023-04-14,CUST-0660,Mouse,Office Supplies,5,94.58,North,29.15
ORD-100560,2023-10-05,CUST-0170,Laptop,Electronics,3,2462.8,South,304.48
ORD-103816,2023-10-22,CUST-0367,Office Chair,Furniture,4,751.57,East,80.9
ORD-101597,2023-08-29,CUST-1386,Smartphone,Electronics,3,1684.05,North,367.7
ORD-104309,2023-10-23,CUST-0110,Jeans,Clothing,1,56.99,South,15.98
ORD-100739,2023-04-26,CUST-1398,Office Chair,Furniture,1,179.78,Central,28.46
ORD-102035,2023-10-28,CUST-1009,Keyboard,Office Supplies,1,47.28,West,14.32
ORD-100721,2023-08-24,CUST-0011,Desk,Furniture,3,867.4,North,150.24
ORD-102447,2023-02-23,CUST-0348,Office Chair,Furniture,4,689.55,East,121.21
ORD-100891,2023-04-09,CUST-1297,Notebook Pack,Others,3,36.94,South,11.5
ORD-101875,2023-05-24,CUST-0440,Mouse,Office Supplies,2,36.46,North,10.32
ORD-104899,2023-06-28,CUST-0914,Mouse,Office Supplies,3,57.48,North,12.6
ORD-100587,2023-09-01,CUST-1274,Monitor,Electronics,1,239.34,North,39.21
ORD-104519,2023-01-19,CUST-0708,Headphones,Electronics,3,266.43,North,56.45
ORD-100286,2023-09-29,CUST-0361,Laptop,Electronics,4,3914.22,Central,466.31
ORD-100442,2023-05-06,CUST-1206,Keyboard,Office Supplies,2,93.6,East,24.67
ORD-101858,2023-04-02,CUST-0227,Headphones,Electronics,2,162.86,East,35.97
ORD-100257,2023-12-01,CUST-0456,Smartphone,Electronics,2,1202.28,West,222.45
ORD-104372,2023-12-30,CUST-0062,T-Shirt,Clothing,5,131.4,West,35.76
ORD-100760,2023-03-15,CUST-0272,Keyboard,Office Supplies,3,129.56,North,27.68
ORD-102986,2023-07-31,CUST-1362,Laptop,Electronics,5,4074.33,East,1060.56
ORD-100365,2023-01-02,CUST-1244,Office Chair,Furniture,1,194.3,North,21.78
ORD-104846,2023-09-13,CUST-1322,Smartphone,Electronics,1,642.0,Unknown,60.52
ORD-102730,2023-11-26,CUST-1173,Laptop,Electronics,4,3529.02,North,793.95
ORD-100329,2023-08-25,CUST-1037,Headphones,Electronics,1,85.78,Central,16.82
ORD-101398,2023-08-04,CUST-0350,T-Shirt,Clothing,2,50.46,South,11.63
ORD-103002,2023-01-25,CUST-0294,Headphones,Electronics,5,493.94,South,109.85
ORD-102282,2023-10-02,CUST-1121,Monitor,Electronics,2,547.55,East,86.2
ORD-102893,2023-09-09,CUST-1178,Jeans,Clothing,5,259.29,North,55.65
ORD-101216,2023-07-21,CUST-0762,Monitor,Electronics,2,516.54,North,73.27
ORD-103057,2023-07-07,CUST-1320,Smartphone,Electronics,4,2370.34,West,324.41
ORD-104225,2023-09-05,CUST-0236,Mouse,Office Supplies,2,40.64,South,14.93
ORD-101471,2023-12-14,CUST-1035,Smartphone,Electronics,2,1267.74,South,238.52
ORD-100525,2023-02-26,CUST-0475,Office Chair,Furniture,3,558.69,East,118.37
ORD-104994,2023-09-21,CUST-0938,T-Shirt,Clothing,5,134.0,North,31.49
ORD-104427,2023-08-08,CUST-0009,Smartphone,Electronics,1,616.01,West,134.98
ORD-102937,2023-12-15,CUST-0359,Laptop,Electronics,2,1852.9,Central,339.47
ORD-102593,2023-10-21,Unknown,Smartphone,Electronics,1,606.84,South,96.53
ORD-102350,2023-03-24,CUST-0335,Laptop,Electronics,5,4293.4,East,704.74
ORD-100299,2023-04-12,CUST-0521,Jeans,Clothing,3,180.84,West,48.26
ORD-103936,2023-07-11,CUST-1428,Monitor,Electronics,4,923.78,East,210.67
ORD-101962,2023-02-19,CUST-0440,T-Shirt,Clothing,3,72.18,Central,24.18
ORD-101637,2023-05-09,CUST-0989,Printer,Office Supplies,4,637.04,East,-6.3
ORD-101971,2023-05-14,CUST-0106,Notebook Pack,Others,5,65.63,Central,26.93
ORD-104914,2023-08-17,CUST-0931,Monitor,Electronics,4,943.99,North,103.34
ORD-100825,2023-05-01,CUST-0822,Laptop,Electronics,2,1841.61,South,401.28
ORD-100808,2023-02-14,CUST-0250,T-Shirt,Clothing,4,91.09,West,30.47
ORD-102222,2023-07-08,CUST-1065,Office Chair,Furniture,2,341.31,West,52.48
ORD-100026,2023-12-20,CUST-0723,Desk,Furniture,1,304.27,South,31.39
ORD-100527,2023-11-20,CUST-0710,Notebook Pack,Others,4,50.86,South,17.27
ORD-101695,2023-03-22,CUST-0936,T-Shirt,Clothing,4,98.53,East,30.48
ORD-101067,2023-05-07,CUST-1199,Jeans,Clothing,1,58.63,West,13.27
ORD-100565,2023-12-26,CUST-0511,Jeans,Clothing,3,175.59,North,44.61
ORD-100382,2023-03-17,CUST-0946,Keyboard,Office Supplies,5,242.94,East,64.88
ORD-102439,2023-06-09,CUST-0012,Keyboard,Office Supplies,1,48.38,South,11.07
ORD-100591,2023-08-01,CUST-1292,Desk,Furniture,4,1152.72,North,134.97
ORD-102748,2023-11-04,CUST-0695,T-Shirt,Clothing,2,50.41,South,15.39
ORD-100646,2023-05-09,CUST-1258,Laptop,Electronics,4,3600.69,North,813.04
ORD-104722,2023-09-21,CUST-0744,Headphones,Electronics,2,173.44,North,40.74
ORD-100181,2023-05-31,CUST-1254,Printer,Office Supplies,4,636.28,West,53.18
ORD-101337,2023-08-28,CUST-0591,T-Shirt,Clothing,3,80.88,Central,26.24
ORD-104478,2023-05-17,CUST-0432,Mouse,Office Supplies,3,56.95,Central,14.39
ORD-102099,2023-07-03,CUST-0691,Headphones,Electronics,2,196.85,North,50.33
ORD-104037,2023-01-10,CUST-0443,Mouse,Office Supplies,1,18.41,North,5.47
ORD-104430,2023-11-14,CUST-1326,Monitor,Electronics,4,967.74,South,208.76
ORD-102941,2023-05-27,CUST-1006,Headphones,Electronics,5,416.65,North,82.93
ORD-101185,2023-08-02,CUST-1411,Mouse,Office Supplies,3,55.66,West,14.32
ORD-101753,2023-08-10,CUST-0415,Mouse,Office Supplies,2,41.4,South,12.0
ORD-100946,2023-10-15,CUST-0659,Keyboard,Office Supplies,3,121.81,North,28.7
ORD-103302,2023-08-01,CUST-0271,Headphones,Electronics,3,254.1,North,58.6
ORD-104251,2023-12-31,CUST-0863,Smartphone,Electronics,1,570.74,North,62.37
ORD-100140,2023-05-18,CUST-0124,T-Shirt,Clothing,1,25.3,Central,9.39
ORD-102993,2023-06-11,CUST-0780,T-Shirt,Clothing,2,47.84,South,14.31
ORD-104114,2023-11-22,CUST-0999,Keyboard,Office Supplies,3,124.16,North,30.29
ORD-101944,2023-09-27,CUST-1229,Mouse,Office Supplies,4,87.04,North,22.21
ORD-102637,2023-06-28,CUST-1331,Headphones,Electronics,2,167.2,East,34.5
ORD-103943,2023-05-12,CUST-0523,Jeans,Clothing,1,55.81,South,17.0
ORD-102224,2023-06-24,CUST-0310,Printer,Office Supplies,2,312.82,North,32.92
ORD-103698,2023-05-23,CUST-0045,Laptop,Electronics,1,876.16,South,141.07
ORD-104768,2023-07-12,CUST-0057,Headphones,Electronics,4,380.12,East,89.74
ORD-102776,2023-12-02,CUST-1404,Jeans,Clothing,2,111.76,East,32.58
ORD-104283,2023-09-18,CUST-1081,Smartphone,Electronics,4,2298.99,Central,371.15
ORD-100018,2023-10-25,CUST-0813,Mouse,Office Supplies,2,36.25,North,10.84
ORD-104723,2023-10-09,CUST-1306,Jeans,Clothing,4,214.95,North,59.78
ORD-100832,2023-05-02,CUST-1449,Office Chair,Furniture,1,195.68,East,22.48
ORD-104228,2023-10-11,CUST-1411,T-Shirt,Clothing,3,78.72,South,21.71
ORD-102866,2023-08-05,CUST-1451,Office Chair,Furniture,5,862.26,West,136.4
ORD-104397,2023-09-15,CUST-0377,Keyboard,Office Supplies,3,123.9,North,25.47
ORD-101633,2023-04-20,CUST-1160,Keyboard,Office Supplies,2,83.38,South,23.95
ORD-100943,2023-01-23,CUST-0778,Office Chair,Furniture,2,374.51,Central,58.74
ORD-100606,2023-07-12,CUST-0666,Mouse,Office Supplies,4,75.83,South,16.9
ORD-104259,2023-04-22,CUST-0917,Headphones,Electronics,3,255.28,West,54.08
ORD-101183,2023-10-16,CUST-0576,Smartphone,Electronics,4,2182.62,South,206.99
ORD-104812,2023-01-08,CUST-0874,T-Shirt,Clothing,4,102.62,West,28.78
ORD-101942,2023-05-22,CUST-0349,Office Chair,Furniture,5,850.13,West,92.08
ORD-102837,2023-11-17,CUST-0543,Headphones,Electronics,2,178.45,East,38.51
ORD-103516,2023-04-14,CUST-1091,Jeans,Clothing,4,229.38,West,67.94
ORD-100719,2023-10-26,CUST-0327,Notebook Pack,Others,3,37.24,West,12.43
ORD-104088,2023-02-06,CUST-0748,Laptop,Electronics,1,863.36,North,208.41
ORD-101041,2023-06-11,CUST-1405,Jeans,Clothing,5,274.51,Central,78.36
ORD-100568,2023-12-13,CUST-0499,Office Chair,Furniture,5,875.4,Central,162.4
ORD-104873,2023-02-02,CUST-1049,T-Shirt,Clothing,3,71.1,North,23.58
ORD-102713,2023-04-30,CUST-0806,Smartphone,Electronics,5,3006.51,West,736.99
ORD-103425,2023-04-24,CUST-0685,T-Shirt,Clothing,1,22.99,North,7.47
ORD-102473,2023-06-03,CUST-1452,T-Shirt,Clothing,3,76.78,West,26.82
ORD-104460,2023-12-17,CUST-0840,Office Chair,Furniture,2,330.83,North,41.02
ORD-104468,2023-10-07,CUST-0740,Notebook Pack,Others,1,12.43,East,4.14
ORD-102789,2023-08-08,CUST-0415,Office Chair,Furniture,1,166.32,West,27.42
ORD-104440,2023-04-03,CUST-1065,Laptop,Electronics,3,2445.75,East,406.1
ORD-102696,2023-07-03,CUST-1215,Mouse,Office Supplies,2,38.81,South,11.49
ORD-104489,2023-06-19,CUST-0766,T-Shirt,Clothing,5,135.15,Central,36.58
ORD-102602,2023-12-08,CUST-0319,Desk,Furniture,4,1197.42,West,133.83
ORD-104321,2023-08-03,CUST-0362,T-Shirt,Clothing,4,98.82,South,29.15
ORD-101946,2023-06-23,CUST-0405,Smartphone,Electronics,5,3246.96,West,559.88
ORD-100710,2023-04-18,CUST-0525,Notebook Pack,Others,2,26.29,East,7.89
ORD-100661,2023-10-07,CUST-0221,Mouse,Office Supplies,2,40.68,Central,8.37
ORD-103650,2023-05-16,CUST-0570,Monitor,Electronics,4,1033.57,North,136.16
ORD-102487,2023-10-16,CUST-0759,Mouse,Office Supplies,4,76.03,North,14.85
ORD-101836,2023-10-18,CUST-0201,Laptop,Electronics,5,4506.7,North,913.46
ORD-104477,2023-06-25,CUST-0801,Headphones,Electronics,2,180.04,West,46.59
ORD-104929,2023-12-14,CUST-1031,Headphones,Electronics,3,295.28,South,79.78
ORD-103858,2023-01-18,CUST-0552,Keyboard,Office Supplies,2,85.32,East,17.54
ORD-100241,2023-08-16,CUST-0180,Mouse,Office Supplies,4,84.81,North,25.33
ORD-102700,2023-11-29,CUST-0547,Keyboard,Office Supplies,5,237.36,Central,67.91
ORD-104145,2023-04-21,CUST-0549,Headphones,Electronics,2,193.63,East,48.07
ORD-103348,2023-08-23,CUST-0597,Keyboard,Office Supplies,5,207.78,South,41.78
ORD-100969,2023-11-19,CUST-1418,Headphones,Electronics,2,184.18,North,22.75
ORD-104336,2023-06-29,CUST-1373,Laptop,Electronics,5,4764.5,North,723.27
ORD-100207,2023-08-13,CUST-1210,Jeans,Clothing,1,58.96,East,16.41
ORD-103120,2023-02-17,CUST-0917,Smartphone,Electronics,2,1246.09,North,190.91
ORD-101603,2023-08-09,CUST-1453,Mouse,Office Supplies,5,92.25,South,19.94
ORD-100828,2023-09-13,CUST-0552,Mouse,Office Supplies,4,83.5,North,22.35
ORD-103725,2023-02-01,CUST-1164,Mouse,Office Supplies,5,104.04,North,31.54
ORD-101732,2023-05-16,CUST-0794,Keyboard,Office Supplies,5,231.92,West,66.7
ORD-103192,2023-10-13,CUST-0725,T-Shirt,Clothing,2,47.24,North,12.94
ORD-104619,2023-05-25,CUST-1066,T-Shirt,Clothing,1,26.05,North,7.17
ORD-100380,2023-09-29,CUST-0191,T-Shirt,Clothing,2,47.74,West,14.68
ORD-103308,2023-04-17,CUST-0102,T-Shirt,Clothing,5,122.88,Central,35.17
ORD-104921,2023-06-25,CUST-0470,Smartphone,Electronics,2,1289.42,South,231.85
ORD-101691,2023-11-21,CUST-0524,Printer,Office Supplies,5,794.39,West,75.21
ORD-100970,2023-04-05,CUST-1234,Headphones,Electronics,2,172.71,South,39.93
ORD-104834,2023-02-12,CUST-1059,Monitor,Electronics,1,265.26,South,41.38
ORD-101350,2023-08-16,CUST-0709,Mouse,Office Supplies,1,18.08,East,4.21
ORD-101262,2023-09-22,CUST-0217,Monitor,Electronics,3,818.87,South,154.0
ORD-103391,2023-04-12,CUST-0693,Keyboard,Office Supplies,4,170.37,North,42.77
ORD-102164,2023-02-12,CUST-0294,Mouse,Office Supplies,5,104.35,West,26.11
ORD-100175,2023-06-01,CUST-0350,Laptop,Electronics,3,2912.38,North,481.12
ORD-103405,2023-12-24,CUST-0298,Mouse,Office Supplies,5,104.45,West,24.98
ORD-100084,2023-03-05,CUST-0325,Laptop,Electronics,1,867.22,South,157.73
ORD-100761,2023-03-21,CUST-1414,Smartphone,Electronics,1,659.22,South,126.35
ORD-102107,2023-03-24,CUST-0162,Notebook Pack,Others,5,54.04,East,21.75
ORD-104161,2023-10-23,CUST-0033,Headphones,Electronics,4,380.35,West,93.52
ORD-100187,2023-05-13,CUST-0969,Laptop,Electronics,2,1914.99,West,356.82
ORD-100341,2023-09-19,CUST-0612,Notebook Pack,Others,2,26.3,South,11.31
ORD-103300,2023-09-28,CUST-1471,Notebook Pack,Others,3,37.67,West,11.55
ORD-101442,2023-05-01,CUST-0653,Smartphone,Electronics,5,2835.71,Central,513.85
ORD-104117,2023-08-02,CUST-0730,Mouse,Office Supplies,1,19.19,South,5.37
ORD-100218,2023-09-08,CUST-0866,Printer,Office Supplies,2,270.04,East,23.15
ORD-103687,2023-05-04,CUST-1019,Notebook Pack,Others,2,25.06,West,8.44
ORD-103712,2023-10-18,CUST-0704,Notebook Pack,Others,3,32.69,East,11.46
ORD-104845,2023-04-14,CUST-0597,Monitor,Electronics,2,485.62,West,82.07
ORD-102211,2023-12-19,CUST-0741,Desk,Furniture,4,1354.7,South,138.83
ORD-101907,2023-01-17,CUST-1212,Laptop,Electronics,3,2912.51,East,505.38
ORD-101767,2023-12-17,CUST-0757,Laptop,Electronics,1,933.41,West,142.07
ORD-103093,2023-01-13,CUST-1012,Notebook Pack,Others,5,58.77,West,20.82
ORD-103282,2023-09-16,CUST-0348,Headphones,Electronics,1,97.94,West,26.88
ORD-100795,2023-04-29,CUST-1017,Monitor,Electronics,3,778.02,North,94.86
ORD-102294,2023-09-25,CUST-0255,Monitor,Electronics,4,902.07,West,165.04
ORD-100131,2023-07-07,CUST-1221,Printer,Office Supplies,1,136.76,South,14.39
ORD-102024,2023-12-02,CUST-0285,Desk,Furniture,2,591.93,West,70.2
ORD-103371,2023-05-09,CUST-0180,Laptop,Electronics,1,850.43,East,139.51
ORD-104185,2023-11-02,CUST-1063,Mouse,Office Supplies,4,82.89,West,19.0
ORD-100703,2023-10-02,CUST-0960,Mouse,Office Supplies,5,106.55,East,25.13
ORD-103323,2023-11-19,CUST-1217,Mouse,Office Supplies,4,78.96,South,22.4
ORD-100386,2023-03-02,CUST-0087,Keyboard,Office Supplies,1,42.51,North,11.5
ORD-104872,2023-12-30,CUST-0811,Keyboard,Office Supplies,1,47.56,East,13.63
ORD-104533,2023-04-27,CUST-1059,T-Shirt,Clothing,1,26.13,South,10.03
ORD-104133,2023-09-20,CUST-0125,T-Shirt,Clothing,4,100.62,West,30.68
ORD-102966,2023-10-17,CUST-0843,Monitor,Electronics,2,541.57,North,44.97
ORD-103942,2023-11-22,CUST-0568,Smartphone,Electronics,5,2889.65,Central,714.5
ORD-104971,2023-10-16,CUST-1092,Laptop,Electronics,5,4804.66,North,843.07
ORD-101410,2023-02-02,CUST-1270,Mouse,Office Supplies,2,37.23,Central,13.25
ORD-103066,2023-10-08,CUST-0524,Office Chair,Furniture,5,841.95,East,125.26
ORD-100064,2023-01-25,CUST-0037,Jeans,Clothing,2,110.07,West,33.69
ORD-104175,2023-04-10,CUST-0965,T-Shirt,Clothing,2,47.31,South,11.73
ORD-101832,2023-08-24,CUST-1006,Desk,Furniture,1,296.38,West,43.82
ORD-102920,2023-12-03,CUST-1113,Notebook Pack,Others,2,22.75,East,9.42
ORD-100577,2023-04-23,CUST-0110,T-Shirt,Clothing,4,90.94,South,37.91
ORD-102926,2023-09-14,CUST-1283,Jeans,Clothing,2,107.52,North,23.54
ORD-102078,2023-10-28,CUST-1027,Monitor,Electronics,5,1331.38,West,208.95
ORD-101677,2023-06-22,CUST-0659,Desk,Furniture,4,1250.94,Central,197.61
ORD-101080,2023-02-03,CUST-0215,Headphones,Electronics,2,169.5,East,33.15
ORD-101205,2023-11-24,CUST-1440,Laptop,Electronics,3,2717.42,Central,157.03
ORD-104065,2023-03-18,CUST-1108,Mouse,Office Supplies,3,62.39,North,11.28
ORD-104611,2023-06-15,CUST-1477,Monitor,Electronics,4,1063.96,North,95.81
ORD-102126,2023-12-04,CUST-0415,Monitor,Electronics,3,724.56,East,134.62
ORD-101483,2023-08-22,CUST-1014,Headphones,Electronics,2,169.85,West,36.22
ORD-104398,2023-10-13,CUST-0293,Smartphone,Electronics,1,642.25,East,96.31
ORD-101616,2023-05-15,CUST-0936,Laptop,Electronics,4,3694.05,North,643.67
ORD-101741,2023-08-21,CUST-1071,Headphones,Electronics,1,92.63,West,19.72
ORD-101079,2023-01-01,CUST-1218,Monitor,Electronics,5,1140.73,West,159.12
ORD-101810,2023-04-08,CUST-0796,Headphones,Electronics,1,97.74,Central,22.15
ORD-100526,2023-11-16,CUST-0167,Notebook Pack,Others,5,59.28,West,20.85
ORD-101045,2023-06-06,CUST-0495,Monitor,Electronics,4,1000.15,North,125.25
ORD-104289,2023-11-07,CUST-0821,Jeans,Clothing,1,51.0,North,14.34
ORD-101144,2023-09-08,CUST-0438,Office Chair,Furniture,4,751.56,West,99.19
ORD-102572,2023-10-12,CUST-0124,Keyboard,Office Supplies,4,183.18,North,36.96
ORD-104586,2023-10-18,CUST-0055,T-Shirt,Clothing,5,115.87,South,31.23
ORD-103784,2023-12-23,CUST-0571,T-Shirt,Clothing,4,95.93,East,24.96
ORD-104556,2023-07-15,CUST-1309,Keyboard,Office Supplies,2,81.26,West,14.59
ORD-101645,2023-09-21,CUST-0832,Desk,Furniture,4,1243.42,South,133.75
ORD-100409,2023-03-04,CUST-0167,Notebook Pack,Others,2,22.3,South,7.59
ORD-100488,2023-12-27,CUST-0935,T-Shirt,Clothing,5,121.3,West,35.82
ORD-103931,2023-07-26,CUST-1012,T-Shirt,Clothing,4,101.64,East,27.81
ORD-103135,2023-07-03,CUST-0407,Keyboard,Office Supplies,4,168.31,South,37.72
ORD-104660,2023-08-02,CUST-0435,Jeans,Clothing,5,271.74,West,64.45
ORD-104524,2023-12-06,CUST-1341,Keyboard,Office Supplies,1,47.74,West,15.15
ORD-100347,2023-01-18,CUST-1062,Headphones,Electronics,4,354.62,South,85.46
ORD-101916,2023-06-03,CUST-0423,Jeans,Clothing,5,262.22,North,76.38
ORD-104967,2023-10-08,CUST-0422,Monitor,Electronics,4,900.8,North,101.81
ORD-103023,2023-02-24,CUST-1177,T-Shirt,Clothing,3,77.66,North,21.91
ORD-102438,2023-07-17,CUST-0016,Desk,Furniture,1,297.33,West,17.06
ORD-103265,2023-11-18,CUST-0896,Headphones,Electronics,5,451.68,West,114.99
ORD-104320,2023-12-29,CUST-1135,Mouse,Office Supplies,3,56.97,West,15.44
ORD-104585,2023-10-30,CUST-1440,Keyboard,Office Supplies,5,229.49,Central,53.45
ORD-101798,2023-12-17,CUST-0442,T-Shirt,Clothing,5,123.25,Central,47.18
ORD-103077,2023-07-04,CUST-1332,Jeans,Clothing,5,274.24,North,75.66
ORD-103896,2023-12-23,CUST-0677,Monitor,Electronics,2,523.78,East,61.79
ORD-104671,2023-11-26,CUST-1060,Monitor,Electronics,2,481.15,North,29.08
ORD-103341,2023-05-15,CUST-0258,Mouse,Office Supplies,5,104.9,East,28.67
ORD-104676,2023-01-12,CUST-1452,Smartphone,Electronics,5,3067.71,Central,515.58
ORD-104062,2023-08-08,CUST-0249,Smartphone,Electronics,2,1192.57,North,187.9
ORD-104006,2023-03-11,CUST-1009,T-Shirt,Clothing,5,135.51,South,40.59
ORD-102928,2023-01-16,CUST-1337,Office Chair,Furniture,4,739.14,East,109.14
ORD-102683,2023-11-27,CUST-0509,T-Shirt,Clothing,3,80.9,South,24.84
ORD-101573,2023-11-17,CUST-1180,Mouse,Office Supplies,5,93.0,Central,22.42
ORD-104979,2023-01-08,CUST-0200,Printer,Office Supplies,5,725.42,Central,66.54
ORD-102632,2023-01-25,CUST-1352,Mouse,Office Supplies,4,74.86,South,18.5
ORD-103589,2023-08-19,CUST-0700,Monitor,Electronics,3,675.75,Central,92.38
ORD-104614,2023-10-24,CUST-0995,Monitor,Electronics,2,482.48,North,77.58
ORD-102610,2023-11-04,CUST-1312,Mouse,Office Supplies,3,54.42,South,13.53
ORD-100124,2023-11-27,CUST-0105,Laptop,Electronics,5,4492.09,North,440.71
ORD-104733,2023-03-03,CUST-0916,Headphones,Electronics,3,294.68,North,58.4
ORD-103622,2023-08-19,CUST-0410,Desk,Furniture,4,1155.91,North,110.5
ORD-104029,2023-03-30,CUST-1273,Printer,Office Supplies,3,479.84,South,61.15
ORD-102708,2023-10-13,CUST-0832,Smartphone,Electronics,3,1923.04,East,397.74
ORD-101415,2023-11-03,CUST-1002,Mouse,Office Supplies,5,103.09,East,27.61
ORD-102594,2023-12-08,CUST-0525,Monitor,Electronics,4,1082.14,East,182.6
ORD-104429,2023-10-25,CUST-0311,Laptop,Electronics,4,3942.38,West,605.25
ORD-104876,2023-02-05,CUST-0975,Headphones,Electronics,4,392.58,West,103.65
ORD-102821,2023-01-07,CUST-0964,Jeans,Clothing,4,222.16,South,49.17
ORD-102724,2023-12-02,CUST-0798,Smartphone,Electronics,1,572.62,Central,147.55
ORD-102033,2023-02-27,CUST-0391,Office Chair,Furniture,2,363.01,North,39.12
ORD-103762,2023-11-17,CUST-1238,Laptop,Electronics,5,4715.0,East,721.68
ORD-101100,2023-11-21,CUST-0279,Laptop,Electronics,1,934.92,Central,121.41
ORD-100469,2023-09-18,CUST-0205,T-Shirt,Clothing,4,93.6,North,25.32
ORD-104291,2023-09-22,CUST-0456,Laptop,Electronics,5,4817.13,West,799.86
ORD-104211,2023-01-17,CUST-0311,Office Chair,Furniture,5,853.39,North,142.4
ORD-101393,2023-02-15,CUST-1272,Laptop,Electronics,5,4933.55,North,494.2
ORD-103090,2023-01-26,CUST-0066,Mouse,Office Supplies,2,42.03,South,11.11
ORD-103581,2023-05-17,CUST-0372,Mouse,Office Supplies,5,105.44,South,36.41
ORD-103191,2023-05-08,CUST-1059,Laptop,Electronics,2,1656.17,Central,325.18
ORD-104391,2023-12-15,CUST-0069,Keyboard,Office Supplies,4,166.72,North,37.74
ORD-102359,2023-06-07,CUST-1377,Smartphone,Electronics,1,645.56,West,53.06
ORD-102963,2023-06-19,CUST-1216,T-Shirt,Clothing,2,54.01,South,14.59
ORD-103889,2023-05-20,CUST-0373,Headphones,Electronics,4,380.44,South,62.36
ORD-103793,2023-12-05,CUST-0565,Smartphone,Electronics,4,2637.01,West,546.19
ORD-104744,2023-11-15,CUST-1073,Laptop,Electronics,3,2553.25,West,423.11
ORD-102948,2023-07-30,CUST-0084,Notebook Pack,Others,5,56.88,North,17.67
ORD-100190,2023-01-09,CUST-0021,Notebook Pack,Others,4,43.87,North,17.29
ORD-104100,2023-12-24,CUST-0088,Monitor,Electronics,5,1137.68,Central,68.75
ORD-101036,2023-06-11,CUST-0110,Monitor,Electronics,4,946.65,North,83.74
ORD-101736,2023-02-15,CUST-0306,Mouse,Office Supplies,1,20.8,South,6.54
ORD-101287,2023-05-18,CUST-0722,Monitor,Electronics,4,1002.48,West,172.18
ORD-103748,2023-02-21,CUST-1447,Monitor,Electronics,2,460.74,South,76.44
ORD-103017,2023-08-03,CUST-1494,Laptop,Electronics,5,4409.63,West,657.68
ORD-101742,2023-07-23,CUST-1354,Laptop,Electronics,5,4848.18,North,832.43
ORD-103187,2023-10-21,CUST-1482,Mouse,Office Supplies,4,80.89,South,28.75
ORD-100644,2023-11-07,CUST-1488,Jeans,Clothing,4,235.27,North,53.79
ORD-101571,2023-09-27,CUST-1182,T-Shirt,Clothing,4,104.43,North,34.32
ORD-100624,2023-12-22,CUST-0324,Notebook Pack,Others,3,32.67,South,9.74
ORD-103906,2023-11-19,CUST-0396,Mouse,Office Supplies,3,54.61,East,14.71
ORD-101903,2023-06-16,CUST-0810,Smartphone,Electronics,4,2573.07,South,388.88
ORD-103655,2023-11-11,CUST-0860,Laptop,Electronics,1,919.72,South,129.0
ORD-103512,2023-05-13,CUST-1121,Notebook Pack,Others,5,65.84,West,18.95
ORD-104450,2023-09-15,CUST-0915,Mouse,Office Supplies,4,84.98,West,21.13
ORD-101507,2023-10-02,CUST-1209,Desk,Furniture,2,603.29,North,46.93
ORD-104922,2023-03-05,CUST-1029,Headphones,Electronics,3,287.89,Central,56.55
ORD-100384,2023-09-29,CUST-0084,Office Chair,Furniture,2,331.62,East,81.95
ORD-102004,2023-08-06,CUST-1403,Smartphone,Electronics,4,2403.85,North,530.97
ORD-104566,2023-10-09,CUST-0312,Keyboard,Office Supplies,4,197.94,Central,55.73
ORD-102962,2023-02-05,CUST-0709,Smartphone,Electronics,1,587.37,North,92.85
ORD-104148,2023-04-02,CUST-0118,Desk,Furniture,1,311.01,North,21.86
ORD-100148,2023-08-07,CUST-1369,Desk,Furniture,4,1231.74,North,247.88
ORD-101845,2023-09-30,CUST-0547,Jeans,Clothing,5,256.54,South,60.11
ORD-101256,2023-01-30,CUST-1371,Keyboard,Office Supplies,1,46.08,North,10.75
ORD-100353,2023-03-12,Unknown,T-Shirt,Clothing,1,26.18,South,8.26
ORD-100706,2023-08-17,CUST-1448,Mouse,Office Supplies,2,40.82,East,12.02
ORD-102970,2023-09-26,CUST-1194,Desk,Furniture,4,1359.17,South,203.59
ORD-101758,2023-12-25,CUST-0436,Printer,Office Supplies,3,446.55,East,19.49
ORD-104455,2023-04-27,CUST-0861,Monitor,Electronics,1,269.69,South,52.29
ORD-103317,2023-10-15,CUST-0886,Smartphone,Electronics,4,2625.98,South,339.57
ORD-100200,2023-03-26,CUST-0414,Keyboard,Office Supplies,2,82.77,North,16.61
ORD-100272,2023-07-11,CUST-0566,Laptop,Electronics,4,3288.23,South,431.77
ORD-102471,2023-01-28,CUST-0710,Mouse,Office Supplies,5,95.91,North,33.21
ORD-100412,2023-12-25,CUST-0666,Laptop,Electronics,1,953.31,East,164.74
ORD-100103,2023-06-03,CUST-0618,Notebook Pack,Others,2,21.72,South,7.03
ORD-104719,2023-08-28,CUST-0259,Smartphone,Electronics,3,1729.02,East,181.1
ORD-104778,2023-07-02,CUST-0466,Headphones,Electronics,3,248.25,South,72.76
ORD-103207,2023-02-28,CUST-0811,Laptop,Electronics,5,4877.96,West,1124.46
ORD-101353,2023-03-02,CUST-1027,Monitor,Electronics,3,808.92,South,105.34
ORD-100911,2023-07-13,CUST-0905,Mouse,Office Supplies,2,39.9,East,10.31
ORD-100486,2023-11-26,CUST-1247,T-Shirt,Clothing,4,92.37,North,30.49
ORD-104238,2023-04-18,Unknown,T-Shirt,Clothing,3,73.62,East,20.29
ORD-104351,2023-01-03,CUST-0119,Laptop,Electronics,1,816.78,South,139.6
ORD-100517,2023-06-05,CUST-1171,Keyboard,Office Supplies,2,91.24,South,27.57
ORD-103001,2023-11-30,CUST-0717,T-Shirt,Clothing,3,79.49,North,25.52
ORD-100895,2023-05-09,CUST-1187,Mouse,Office Supplies,3,63.94,West,14.22
ORD-102510,2023-07-31,CUST-0036,Desk,Furniture,1,340.36,Central,34.14
ORD-100306,2023-08-26,CUST-0973,Office Chair,Furniture,2,352.71,West,58.54
ORD-101420,2023-07-18,CUST-1154,Keyboard,Office Supplies,1,49.38,East,15.39
ORD-102650,2023-05-17,CUST-1063,Notebook Pack,Others,4,43.71,Central,18.93
ORD-104152,2023-10-25,CUST-0302,Desk,Furniture,2,592.85,South,90.26
ORD-104547,2023-03-29,CUST-1307,Headphones,Electronics,2,180.54,East,33.41
ORD-100464,2023-03-16,CUST-1077,T-Shirt,Clothing,2,53.19,East,17.69
ORD-103909,2023-09-19,CUST-1477,Mouse,Office Supplies,4,80.43,East,16.88
ORD-103750,2023-06-03,CUST-0893,Laptop,Electronics,3,2611.97,North,466.09
ORD-102952,2023-11-27,CUST-0111,Smartphone,Electronics,1,550.67,East,91.51
ORD-104706,2023-09-12,CUST-1307,Laptop,Electronics,5,4692.13,North,658.39
ORD-101510,2023-04-29,CUST-0537,Smartphone,Electronics,1,573.45,Central,119.45
ORD-100757,2023-03-20,CUST-0234,Printer,Office Supplies,4,547.62,South,48.85
ORD-104840,2023-02-25,CUST-0381,Mouse,Office Supplies,5,95.38,West,27.27
ORD-100460,2023-12-22,CUST-1089,T-Shirt,Clothing,2,51.74,West,17.37
ORD-101112,2023-11-14,CUST-0899,Jeans,Clothing,5,290.89,West,87.63
ORD-100278,2023-05-05,CUST-1303,Mouse,Office Supplies,1,21.46,South,6.82
ORD-104835,2023-11-17,CUST-0989,Mouse,Office Supplies,2,42.07,Central,13.96
ORD-102747,2023-09-14,CUST-0754,Smartphone,Electronics,5,3142.76,East,481.83
ORD-101174,2023-01-26,CUST-0476,T-Shirt,Clothing,1,27.08,East,6.92
ORD-102739,2023-09-14,CUST-1492,T-Shirt,Clothing,5,126.03,West,40.8
ORD-101039,2023-07-28,CUST-0974,Smartphone,Electronics,2,1098.27,East,187.89
ORD-103386,2023-11-19,CUST-0398,T-Shirt,Clothing,3,81.77,North,23.51
ORD-100594,2023-08-24,CUST-0809,Laptop,Electronics,1,925.75,West,94.0
ORD-102682,2023-12-30,CUST-0646,Smartphone,Electronics,5,2956.18,East,489.22
ORD-101109,2023-08-30,CUST-0756,Smartphone,Electronics,2,1296.37,East,200.78
ORD-103074,2023-12-12,CUST-0436,Mouse,Office Supplies,4,79.24,North,23.94
ORD-100132,2023-12-25,CUST-0794,T-Shirt,Clothing,1,26.48,Central,6.88
ORD-102458,2023-06-21,CUST-0719,Headphones,Electronics,1,92.89,East,23.32
ORD-104366,2023-05-17,CUST-0611,T-Shirt,Clothing,3,71.18,Central,19.72
ORD-102550,2023-05-24,CUST-0719,T-Shirt,Clothing,4,97.77,West,33.66
ORD-101419,2023-08-13,CUST-1331,Notebook Pack,Others,5,55.65,West,18.35
ORD-102411,2023-09-05,CUST-0040,Notebook Pack,Others,4,52.38,South,19.65
ORD-100788,2023-02-13,CUST-0217,Mouse,Office Supplies,1,19.92,East,5.97
ORD-104094,2023-04-30,CUST-0325,Headphones,Electronics,3,252.85,West,54.26
ORD-103967,2023-10-07,CUST-0777,Smartphone,Electronics,2,1211.33,West,262.01
ORD-104661,2023-03-19,CUST-0445,Printer,Office Supplies,3,484.86,North,20.91
ORD-102697,2023-06-30,CUST-1214,Laptop,Electronics,5,4765.5,East,761.73
ORD-103216,2023-07-19,CUST-0423,Monitor,Electronics,1,258.51,West,25.24
ORD-104131,2023-10-23,CUST-0647,Jeans,Clothing,3,176.24,East,43.87
ORD-100213,2023-03-02,CUST-0134,Mouse,Office Supplies,4,82.8,South,23.53
ORD-102950,2023-01-03,CUST-0182,Smartphone,Electronics,5,3279.12,South,660.95
ORD-103481,2023-08-07,CUST-0442,Keyboard,Office Supplies,1,43.82,South,9.72
ORD-103954,2023-11-14,CUST-0765,Laptop,Electronics,3,2795.41,North,518.78
ORD-101026,2023-09-25,CUST-1128,Notebook Pack,Others,2,25.45,Central,8.13
ORD-104549,2023-09-17,CUST-0835,Headphones,Electronics,5,451.68,East,97.47
ORD-101114,2023-07-24,CUST-0867,Notebook Pack,Others,2,21.71,North,6.19
ORD-104690,2023-09-23,CUST-1457,Desk,Furniture,1,328.93,South,58.66
ORD-103438,2023-05-12,CUST-0066,Laptop,Electronics,5,4244.36,Central,794.54
ORD-102729,2023-11-14,CUST-0433,Printer,Office Supplies,1,148.74,Unknown,15.43
ORD-103450,2023-01-11,CUST-0465,Keyboard,Office Supplies,4,166.94,Central,38.91
ORD-104588,2023-07-15,CUST-0383,Jeans,Clothing,3,158.97,East,38.06
ORD-102006,2023-07-22,CUST-0581,T-Shirt,Clothing,5,132.44,South,25.44
ORD-103623,2023-04-15,CUST-1097,Mouse,Office Supplies,1,20.35,East,6.93
ORD-102703,2023-12-02,CUST-0358,Mouse,Office Supplies,3,54.21,North,15.32
ORD-104982,2023-06-12,CUST-0126,Monitor,Electronics,1,259.31,North,25.46
ORD-101596,2023-07-09,CUST-0237,Smartphone,Electronics,5,2897.68,South,479.23
ORD-103486,2023-10-06,CUST-0622,Jeans,Clothing,5,295.53,West,83.06
ORD-100980,2023-07-02,CUST-1127,Notebook Pack,Others,4,48.07,South,16.94
ORD-103426,2023-01-30,CUST-0796,Laptop,Electronics,5,4893.37,East,609.94
ORD-101561,2023-12-30,CUST-0633,Jeans,Clothing,2,106.87,South,35.61
ORD-102001,2023-06-16,CUST-1163,Desk,Furniture,5,1480.32,East,171.46
ORD-103065,2023-09-15,CUST-0267,Desk,Furniture,2,669.05,North,113.26
ORD-100674,2023-09-20,CUST-0498,T-Shirt,Clothing,4,93.38,Unknown,31.72
ORD-100168,2023-11-09,CUST-1144,Monitor,Electronics,3,691.26,Central,84.17
ORD-100393,2023-06-11,CUST-0900,Jeans,Clothing,4,222.4,East,69.82
ORD-101606,2023-09-26,CUST-1084,Notebook Pack,Others,1,13.1,South,5.37
ORD-104938,2023-04-11,CUST-0098,Jeans,Clothing,3,160.15,South,48.02
ORD-104534,2023-04-30,CUST-1370,T-Shirt,Clothing,5,135.99,East,41.07
ORD-102964,2023-12-28,CUST-0217,Headphones,Electronics,1,88.76,North,20.2
ORD-103714,2023-03-07,CUST-1218,Mouse,Office Supplies,3,61.15,North,15.81
ORD-103638,2023-01-10,CUST-0311,Mouse,Office Supplies,4,81.32,East,24.32
ORD-100374,2023-09-24,CUST-0436,Smartphone,Electronics,1,628.66,South,102.22
ORD-104426,2023-12-24,CUST-1396,Smartphone,Electronics,4,2544.03,West,371.24
ORD-104269,2023-04-23,CUST-0261,Keyboard,Office Supplies,1,40.76,South,8.46
ORD-104851,2023-03-10,CUST-1244,Keyboard,Office Supplies,4,192.68,North,48.53
ORD-101862,2023-08-22,CUST-0793,Notebook Pack,Others,5,55.07,East,20.61
ORD-103822,2023-03-28,CUST-1098,T-Shirt,Clothing,1,26.7,Central,6.73
ORD-102873,2023-07-05,CUST-1190,Headphones,Electronics,5,459.35,West,114.12
ORD-103311,2023-05-18,CUST-0203,Notebook Pack,Others,4,46.3,North,16.36
ORD-102341,2023-12-25,CUST-0557,Laptop,Electronics,5,4387.66,East,790.04
ORD-103000,2023-09-03,CUST-1321,Mouse,Office Supplies,2,37.09,North,9.68
ORD-104294,2023-05-08,CUST-0930,Mouse,Office Supplies,2,37.27,West,8.36
ORD-103602,2023-04-27,CUST-0190,T-Shirt,Clothing,4,93.37,East,27.93
ORD-102699,2023-09-09,CUST-0130,Mouse,Office Supplies,2,39.82,South,9.96
ORD-102878,2023-03-31,CUST-0904,T-Shirt,Clothing,5,116.31,East,32.9
ORD-104432,2023-11-29,CUST-0469,Mouse,Office Supplies,4,81.48,North,24.35
ORD-101714,2023-08-30,CUST-1121,Monitor,Electronics,2,461.07,South,53.51
ORD-101281,2023-05-23,CUST-0370,Office Chair,Furniture,4,764.32,East,174.44
ORD-101128,2023-12-04,CUST-1132,Jeans,Clothing,5,268.99,South,67.98
ORD-103612,2023-10-06,CUST-0616,Jeans,Clothing,4,216.02,North,59.85
ORD-104552,2023-01-30,CUST-0562,Laptop,Electronics,2,1828.22,West,280.51
ORD-104190,2023-01-13,CUST-1207,Laptop,Electronics,1,978.74,West,207.46
ORD-101605,2023-10-05,CUST-0487,Headphones,Electronics,5,414.79,West,115.05
ORD-101755,2023-03-06,CUST-0379,T-Shirt,Clothing,4,99.99,North,21.3
ORD-102403,2023-07-01,CUST-1073,Printer,Office Supplies,2,284.71,East,28.39
ORD-103277,2023-10-17,CUST-0415,T-Shirt,Clothing,2,52.18,South,18.96
ORD-100496,2023-07-20,CUST-1498,Desk,Furniture,4,1335.8,West,223.0
ORD-101150,2023-01-02,CUST-0489,Smartphone,Electronics,4,2270.23,West,403.61
ORD-104470,2023-08-02,CUST-1278,Printer,Office Supplies,2,293.02,South,28.68
ORD-103270,2023-06-14,CUST-0779,Notebook Pack,Others,4,43.94,North,17.04
ORD-101437,2023-02-05,CUST-0924,T-Shirt,Clothing,4,108.38,South,28.98
ORD-103443,2023-05-19,CUST-0280,Office Chair,Furniture,2,364.46,North,35.29
ORD-103934,2023-11-07,CUST-0640,T-Shirt,Clothing,4,105.47,North,31.15
ORD-104520,2023-10-03,CUST-1115,Laptop,Electronics,5,4225.65,North,660.6
ORD-100894,2023-05-28,CUST-1056,Keyboard,Office Supplies,4,189.92,East,44.97
ORD-102620,2023-11-10,CUST-0370,Mouse,Office Supplies,3,54.85,West,17.16
ORD-103068,2023-07-02,CUST-0812,Keyboard,Office Supplies,4,195.34,Central,53.31
ORD-103894,2023-12-03,CUST-0933,Printer,Office Supplies,4,648.2,East,63.98
ORD-101275,2023-09-17,CUST-1190,Monitor,Electronics,2,462.56,North,51.66
ORD-104847,2023-07-01,CUST-0896,Jeans,Clothing,2,112.97,West,38.15
ORD-101646,2023-02-11,CUST-0091,Headphones,Electronics,4,374.76,North,90.35
ORD-104891,2023-08-27,CUST-0097,Headphones,Electronics,3,283.67,East,61.42
ORD-101712,2023-11-04,CUST-0334,Notebook Pack,Others,2,23.81,East,8.82
ORD-100264,2023-08-29,CUST-0958,Printer,Office Supplies,4,560.45,North,22.28
ORD-104247,2023-11-13,CUST-1052,Laptop,Electronics,4,3621.44,North,645.73
ORD-104694,2023-09-26,CUST-0486,Office Chair,Furniture,5,948.61,North,172.3
ORD-103760,2023-12-20,CUST-0220,Notebook Pack,Others,5,60.31,Central,19.6
ORD-100973,2023-11-18,CUST-1041,Printer,Office Supplies,5,743.32,Central,84.58
ORD-100769,2023-03-28,CUST-0159,Jeans,Clothing,5,287.09,North,78.45
ORD-104442,2023-06-11,CUST-1355,Mouse,Office Supplies,5,96.73,South,25.05
ORD-100444,2023-11-15,CUST-0132,Headphones,Electronics,4,389.27,Central,75.86
ORD-101544,2023-11-04,CUST-0011,Desk,Furniture,4,1389.42,Unknown,266.25
ORD-102777,2023-12-23,CUST-1311,T-Shirt,Clothing,4,96.0,North,24.28
ORD-103994,2023-07-12,CUST-1194,Headphones,Electronics,1,88.43,South,20.05
ORD-101081,2023-12-18,CUST-1086,Printer,Office Supplies,5,780.09,Central,49.51
ORD-104392,2023-08-13,CUST-0735,T-Shirt,Clothing,2,49.64,North,18.12
ORD-104594,2023-01-12,CUST-0089,Headphones,Electronics,3,272.96,North,58.57
ORD-100584,2023-07-17,CUST-0320,Printer,Office Supplies,1,159.03,North,14.61
ORD-101752,2023-07-19,CUST-0418,Mouse,Office Supplies,5,96.85,South,22.03
ORD-100889,2023-12-17,CUST-0718,Jeans,Clothing,3,166.62,North,41.46
ORD-103336,2023-01-28,CUST-0881,T-Shirt,Clothing,2,48.06,South,19.23
ORD-100254,2023-02-15,CUST-1396,Headphones,Electronics,4,335.55,Central,57.19
ORD-103116,2023-08-02,CUST-0777,Smartphone,Electronics,2,1146.62,North,207.28
ORD-103990,2023-02-25,CUST-0620,Notebook Pack,Others,3,36.33,South,12.85
ORD-104487,2023-10-27,CUST-0849,Smartphone,Electronics,3,1859.89,West,458.22
ORD-104044,2023-10-22,CUST-0284,T-Shirt,Clothing,3,71.8,East,23.7
ORD-101660,2023-05-23,CUST-0161,Smartphone,Electronics,4,2202.03,North,393.1
ORD-104654,2023-05-21,CUST-0996,Office Chair,Furniture,1,180.22,West,21.32
ORD-104505,2023-11-08,CUST-1391,Office Chair,Furniture,2,361.82,East,54.82
ORD-102737,2023-07-21,CUST-0272,T-Shirt,Clothing,1,25.92,North,7.48
ORD-103768,2023-09-23,CUST-0303,Jeans,Clothing,5,285.02,North,79.74
ORD-101775,2023-02-27,CUST-0912,T-Shirt,Clothing,5,134.89,North,46.22
ORD-101623,2023-01-28,CUST-0872,Laptop,Electronics,4,3717.8,North,659.98
ORD-101724,2023-04-15,CUST-1366,T-Shirt,Clothing,1,26.54,West,8.37
ORD-101634,2023-06-02,CUST-0274,Notebook Pack,Others,5,60.71,West,23.41
ORD-100747,2023-08-07,CUST-1006,Desk,Furniture,4,1275.12,West,110.36
ORD-100838,2023-01-17,CUST-1468,Office Chair,Furniture,3,588.42,East,108.4
ORD-101918,2023-04-25,CUST-0505,T-Shirt,Clothing,1,22.51,South,6.26
ORD-102465,2023-10-26,CUST-0132,Keyboard,Office Supplies,3,136.22,South,36.88
ORD-101157,2023-11-07,CUST-0086,Laptop,Electronics,4,3878.71,West,606.32
ORD-101584,2023-05-04,CUST-0226,Jeans,Clothing,2,120.59,West,26.1
ORD-101703,2023-11-12,CUST-0402,Jeans,Clothing,5,283.5,South,63.33
ORD-102771,2023-11-17,CUST-1362,Mouse,Office Supplies,3,59.08,South,14.49
ORD-100498,2023-09-12,CUST-1155,Office Chair,Furniture,1,174.66,South,49.3
ORD-104630,2023-08-02,CUST-0471,Headphones,Electronics,3,282.38,North,66.66
ORD-104756,2023-06-05,CUST-0451,Office Chair,Furniture,1,166.35,West,21.25
ORD-100608,2023-03-01,CUST-1240,Keyboard,Office Supplies,3,127.36,East,34.98
ORD-102846,2023-05-31,CUST-0609,Headphones,Electronics,4,361.35,East,87.01
ORD-104014,2023-02-13,CUST-0479,T-Shirt,Clothing,3,70.34,South,22.93
ORD-102068,2023-11-30,CUST-1022,Headphones,Electronics,1,81.3,North,20.91
ORD-100919,2023-01-24,CUST-0085,T-Shirt,Clothing,5,134.97,East,40.4
ORD-102807,2023-07-11,CUST-1486,Keyboard,Office Supplies,3,143.9,West,41.01
ORD-103991,2023-11-02,CUST-0889,Office Chair,Furniture,4,724.14,North,74.26
ORD-104400,2023-02-02,CUST-0396,Mouse,Office Supplies,4,82.48,North,25.37
ORD-101901,2023-05-07,CUST-0702,Laptop,Electronics,3,2435.78,Unknown,361.69
ORD-103469,2023-02-05,CUST-0180,Notebook Pack,Others,1,11.8,North,4.54
ORD-104758,2023-05-29,CUST-0532,Laptop,Electronics,4,3744.44,Central,772.76
ORD-101140,2023-01-23,CUST-0292,Monitor,Electronics,1,252.54,West,41.39
ORD-104445,2023-07-11,CUST-0743,Desk,Furniture,4,1294.74,West,99.52
ORD-100363,2023-05-21,CUST-1109,Laptop,Electronics,2,1938.19,North,249.01
ORD-101581,2023-10-27,CUST-1204,Monitor,Electronics,4,1073.16,North,171.23
ORD-100550,2023-12-26,CUST-0351,Desk,Furniture,4,1330.89,North,93.96
ORD-100570,2023-10-13,CUST-0214,Monitor,Electronics,3,712.64,East,122.25
ORD-101984,2023-09-07,CUST-1079,Jeans,Clothing,3,167.7,North,62.99
ORD-103088,2023-09-01,CUST-1262,T-Shirt,Clothing,5,123.0,Central,37.61
ORD-104350,2023-02-20,CUST-1468,Smartphone,Electronics,2,1134.85,South,171.65
ORD-103177,2023-11-12,CUST-1141,Office Chair,Furniture,3,534.24,Central,54.61
ORD-103680,2023-09-23,CUST-0704,Keyboard,Office Supplies,1,48.93,South,13.48
ORD-102901,2023-04-18,CUST-0571,Printer,Office Supplies,5,749.8,South,109.34
ORD-102922,2023-02-28,CUST-0445,Smartphone,Electronics,3,1954.02,West,357.45
ORD-101588,2023-11-24,CUST-0688,Monitor,Electronics,2,529.71,North,64.03
ORD-100016,2023-11-03,CUST-0063,T-Shirt,Clothing,2,48.8,South,15.65
ORD-100966,2023-12-07,CUST-0837,Notebook Pack,Others,5,60.71,South,21.05
ORD-101153,2023-12-25,CUST-0162,Smartphone,Electronics,3,1795.03,South,210.26
ORD-103914,2023-12-20,CUST-0880,Office Chair,Furniture,1,189.38,Unknown,19.62
ORD-103879,2023-04-09,CUST-1493,Office Chair,Furniture,4,719.97,West,90.35
ORD-103222,2023-05-31,CUST-0930,Keyboard,Office Supplies,2,83.56,West,24.15
ORD-103560,2023-04-12,CUST-0815,Keyboard,Office Supplies,5,220.99,South,62.07
ORD-103367,2023-10-28,CUST-0288,Jeans,Clothing,2,110.48,North,34.09
ORD-102120,2023-09-28,CUST-1208,Headphones,Electronics,1,87.26,East,21.59
ORD-103928,2023-09-01,CUST-0636,Smartphone,Electronics,1,630.09,Central,91.54
ORD-104110,2023-01-28,CUST-1428,Monitor,Electronics,4,924.07,South,151.22
ORD-102313,2023-06-14,CUST-0559,Smartphone,Electronics,5,3245.19,North,658.74
ORD-103667,2023-12-22,CUST-0002,Smartphone,Electronics,1,644.46,South,126.58
ORD-102830,2023-12-06,CUST-1332,Headphones,Electronics,3,279.96,North,62.53
ORD-102588,2023-08-23,CUST-0264,Desk,Furniture,2,648.42,East,76.89
ORD-101360,2023-11-03,CUST-0514,Jeans,Clothing,4,206.81,North,64.8
ORD-103429,2023-08-17,CUST-0543,Mouse,Office Supplies,2,40.08,East,12.68
ORD-101063,2023-11-04,CUST-0047,Jeans,Clothing,2,107.14,East,30.41
ORD-100726,2023-10-18,CUST-1331,Headphones,Electronics,1,86.8,East,14.03
ORD-103121,2023-06-15,CUST-1244,Monitor,Electronics,1,240.91,North,62.07
ORD-104089,2023-12-18,CUST-0119,Smartphone,Electronics,1,592.69,North,100.93
ORD-103717,2023-03-20,CUST-1182,Mouse,Office Supplies,1,18.63,West,5.43
ORD-102175,2023-03-30,CUST-0249,T-Shirt,Clothing,4,97.18,South,24.79
ORD-101534,2023-11-02,CUST-1499,Laptop,Electronics,4,3450.53,Central,608.01
ORD-104602,2023-10-02,CUST-1304,Notebook Pack,Others,1,13.19,East,4.72
ORD-101435,2023-12-30,CUST-0069,Notebook Pack,Others,3,37.5,Unknown,13.18
ORD-104095,2023-04-29,CUST-0083,Monitor,Electronics,1,249.3,West,46.18
ORD-100231,2023-12-05,CUST-0770,Office Chair,Furniture,4,775.36,North,139.92
ORD-100913,2023-03-07,CUST-0020,Notebook Pack,Others,2,24.69,South,9.65
ORD-103275,2023-09-14,CUST-1051,Mouse,Office Supplies,5,95.81,East,22.08
ORD-101568,2023-07-09,CUST-0982,T-Shirt,Clothing,2,54.02,Unknown,18.71
ORD-102080,2023-05-28,CUST-0547,Office Chair,Furniture,1,190.74,West,16.63
ORD-102668,2023-11-05,CUST-1317,T-Shirt,Clothing,2,50.14,Central,18.21
ORD-104805,2023-04-28,CUST-0315,Keyboard,Office Supplies,1,46.83,North,9.74
ORD-101204,2023-04-16,CUST-0746,Laptop,Electronics,5,4561.15,South,847.92
ORD-101260,2023-03-28,CUST-1015,Laptop,Electronics,3,2473.23,South,459.98
ORD-103296,2023-12-09,CUST-1009,Keyboard,Office Supplies,4,171.65,West,46.48
ORD-101448,2023-12-30,CUST-1293,Jeans,Clothing,5,254.43,East,71.79
ORD-104433,2023-09-10,CUST-0855,Office Chair,Furniture,3,489.96,South,88.28
ORD-101276,2023-06-28,CUST-0290,Smartphone,Electronics,1,557.86,West,81.49
ORD-101145,2023-07-02,CUST-1049,Monitor,Electronics,3,707.68,North,80.3
ORD-102755,2023-11-16,CUST-1442,Mouse,Office Supplies,2,42.23,South,9.37
ORD-100072,2023-05-15,CUST-1292,Mouse,Office Supplies,2,37.39,East,7.45
ORD-102196,2023-01-09,CUST-1107,Laptop,Electronics,3,2737.54,South,363.0
ORD-100204,2023-09-04,CUST-0808,Laptop,Electronics,1,849.17,East,165.5
ORD-104724,2023-09-18,CUST-0183,Laptop,Electronics,1,852.71,Central,200.13
ORD-103746,2023-02-15,CUST-0574,Headphones,Electronics,4,353.45,East,87.34
ORD-100682,2023-09-12,CUST-0156,Laptop,Electronics,1,815.1,East,142.77
ORD-102345,2023-05-24,CUST-1292,Laptop,Electronics,2,1719.51,North,264.35
ORD-102574,2023-03-18,CUST-0804,T-Shirt,Clothing,3,76.33,West,21.77
ORD-100367,2023-09-03,CUST-1295,Jeans,Clothing,1,55.74,Central,15.36
ORD-103647,2023-01-13,CUST-0300,Office Chair,Furniture,2,388.31,North,52.17
ORD-100473,2023-03-09,CUST-1354,Smartphone,Electronics,2,1294.22,West,266.16
ORD-100620,2023-05-19,CUST-0219,Keyboard,Office Supplies,3,145.55,East,31.97
ORD-104169,2023-08-19,CUST-1108,Desk,Furniture,4,1282.01,West,206.69
ORD-104811,2023-01-05,CUST-0664,Jeans,Clothing,4,240.56,Central,63.57
ORD-100801,2023-09-06,CUST-0001,Monitor,Electronics,2,506.55,East,62.09
ORD-101113,2023-04-21,CUST-1148,Printer,Office Supplies,1,162.79,South,12.15
ORD-104616,2023-10-09,CUST-0643,Smartphone,Electronics,4,2583.66,Central,641.4
ORD-103430,2023-05-20,CUST-1185,T-Shirt,Clothing,2,51.35,North,15.9
ORD-100066,2023-10-13,CUST-0519,T-Shirt,Clothing,1,26.64,West,8.48
ORD-102074,2023-03-05,CUST-0691,Office Chair,Furniture,1,176.7,East,28.66
ORD-100095,2023-10-31,CUST-0545,Jeans,Clothing,1,60.03,South,18.24
ORD-104786,2023-03-25,CUST-0078,Monitor,Electronics,2,489.81,North,81.35
ORD-101178,2023-12-10,CUST-0960,Headphones,Electronics,2,172.27,Central,33.95
ORD-103871,2023-09-15,CUST-0924,Smartphone,Electronics,4,2162.58,West,357.95
ORD-102084,2023-10-02,CUST-0097,Jeans,Clothing,3,177.93,West,54.18
ORD-104522,2023-06-28,CUST-0381,Keyboard,Office Supplies,5,203.72,East,54.45
ORD-102374,2023-02-17,CUST-0834,Office Chair,Furniture,4,708.66,North,129.77
ORD-102368,2023-09-08,CUST-0825,Office Chair,Furniture,1,183.69,South,22.78
ORD-102259,2023-02-12,CUST-0290,Office Chair,Furniture,3,559.04,West,97.34
ORD-104015,2023-01-20,CUST-0194,T-Shirt,Clothing,1,24.97,South,6.99
ORD-104257,2023-11-07,CUST-0918,Desk,Furniture,4,1284.14,North,167.26
ORD-104042,2023-07-05,CUST-0596,Smartphone,Electronics,2,1252.74,North,236.52
ORD-100949,2023-09-07,CUST-0397,Monitor,Electronics,1,263.22,Central,64.97
ORD-102635,2023-09-15,CUST-0439,Office Chair,Furniture,5,929.73,South,152.6
ORD-100497,2023-02-07,CUST-0046,Jeans,Clothing,3,158.51,East,45.29
ORD-101835,2023-10-11,CUST-0480,Laptop,Electronics,2,1794.77,North,262.16
ORD-104765,2023-12-11,CUST-0188,Headphones,Electronics,1,97.11,South,21.68
ORD-103505,2023-10-11,CUST-0293,T-Shirt,Clothing,4,103.29,East,30.81
ORD-100191,2023-07-22,CUST-0258,Headphones,Electronics,4,347.61,West,69.1
ORD-101600,2023-11-22,CUST-0289,Printer,Office Supplies,5,724.7,West,79.58
ORD-102584,2023-11-09,CUST-1470,Laptop,Electronics,4,3361.69,North,358.09
ORD-101928,2023-12-20,CUST-0646,Laptop,Electronics,2,1672.24,Central,294.02
ORD-100866,2023-04-26,CUST-1001,Mouse,Office Supplies,4,79.66,South,27.74
ORD-103471,2023-12-23,CUST-1004,Desk,Furniture,3,1010.63,South,146.38
ORD-103869,2023-08-24,CUST-0808,Desk,Furniture,1,295.25,North,38.27
ORD-102732,2023-08-17,CUST-1302,T-Shirt,Clothing,2,52.78,West,17.8
ORD-103867,2023-09-12,CUST-0301,Headphones,Electronics,5,466.49,North,92.88
ORD-102047,2023-11-17,CUST-0413,T-Shirt,Clothing,2,53.64,South,16.56
ORD-100042,2023-05-16,CUST-1350,Keyboard,Office Supplies,5,207.01,North,65.92
ORD-103464,2023-10-05,CUST-1296,Keyboard,Office Supplies,2,95.06,North,31.42
ORD-104791,2023-11-24,CUST-1393,Laptop,Electronics,5,4640.55,North,586.84
ORD-103935,2023-03-05,CUST-1129,Headphones,Electronics,2,186.55,Central,34.7
ORD-101106,2023-08-14,CUST-1411,Smartphone,Electronics,1,558.23,North,39.44
ORD-100425,2023-12-18,CUST-1171,Mouse,Office Supplies,4,78.3,East,22.12
ORD-101539,2023-09-30,CUST-0645,Desk,Furniture,4,1179.73,West,214.04
ORD-100782,2023-06-09,CUST-0324,Desk,Furniture,3,959.02,East,88.56
ORD-100052,2023-10-15,CUST-0342,Mouse,Office Supplies,1,20.07,East,4.5
ORD-103461,2023-10-22,CUST-0903,Mouse,Office Supplies,5,97.72,South,26.38
ORD-103424,2023-11-19,CUST-0066,Smartphone,Electronics,5,3100.46,East,370.16
ORD-103841,2023-10-02,CUST-1115,Jeans,Clothing,5,270.56,East,57.04
ORD-104764,2023-08-18,CUST-0505,Desk,Furniture,3,945.54,North,196.58
ORD-102947,2023-07-27,CUST-1466,Mouse,Office Supplies,3,60.43,South,17.39
ORD-103628,2023-09-23,CUST-1473,Jeans,Clothing,5,257.59,East,63.9
ORD-102005,2023-07-27,CUST-1268,Mouse,Office Supplies,3,56.3,East,15.18
ORD-102833,2023-06-14,CUST-1146,Mouse,Office Supplies,1,18.56,East,5.88
ORD-104463,2023-03-23,CUST-0757,Notebook Pack,Others,2,21.95,North,6.85
ORD-100183,2023-10-04,CUST-1211,Monitor,Electronics,5,1275.1,North,123.25
ORD-101666,2023-05-03,CUST-1329,Mouse,Office Supplies,2,41.92,North,5.97
ORD-103861,2023-03-30,CUST-1336,Laptop,Electronics,2,1670.43,Central,224.09
ORD-103399,2023-07-23,CUST-0569,Jeans,Clothing,3,163.05,South,44.96
ORD-102293,2023-10-10,CUST-0717,Monitor,Electronics,4,940.78,South,155.41
ORD-104538,2023-09-06,CUST-0159,Smartphone,Electronics,4,2185.96,North,368.7
ORD-103060,2023-04-17,CUST-0107,T-Shirt,Clothing,1,26.22,East,7.95
ORD-100492,2023-01-17,CUST-0255,Jeans,Clothing,4,237.4,North,56.4
ORD-104401,2023-05-17,CUST-0850,Keyboard,Office Supplies,5,244.35,East,53.92
ORD-100279,2023-11-04,CUST-0810,Mouse,Office Supplies,3,65.72,South,22.7
ORD-104181,2023-06-25,CUST-0232,Smartphone,Electronics,5,3038.55,Central,656.08
ORD-102484,2023-06-05,CUST-0639,Mouse,Office Supplies,3,65.13,East,11.75
ORD-101158,2023-09-21,CUST-0771,Desk,Furniture,5,1730.6,South,168.09
ORD-101125,2023-02-06,CUST-0017,T-Shirt,Clothing,3,79.4,South,26.27
ORD-104900,2023-07-15,CUST-0472,T-Shirt,Clothing,1,24.1,South,7.35
ORD-104020,2023-07-16,CUST-0956,Headphones,Electronics,2,192.89,North,39.63
ORD-103110,2023-02-20,CUST-0572,Monitor,Electronics,1,261.23,North,12.76
ORD-101567,2023-11-13,CUST-0154,Laptop,Electronics,2,1805.15,West,226.8
ORD-100500,2023-02-03,CUST-1176,Keyboard,Office Supplies,2,91.68,South,24.35
ORD-100523,2023-08-02,CUST-1488,T-Shirt,Clothing,3,69.41,West,22.71
ORD-101104,2023-05-01,CUST-0253,Smartphone,Electronics,1,613.35,North,96.03
ORD-103350,2023-01-16,CUST-0991,Laptop,Electronics,2,1766.27,South,316.51
ORD-103306,2023-07-03,CUST-0163,Laptop,Electronics,5,4598.03,South,668.65
ORD-101017,2023-10-14,CUST-1156,Mouse,Office Supplies,4,83.04,East,21.38
ORD-101000,2023-11-06,CUST-1478,Laptop,Electronics,2,1857.87,South,319.81
ORD-100872,2023-07-04,CUST-0001,Notebook Pack,Others,2,22.08,South,6.6
ORD-100815,2023-03-01,CUST-1266,Printer,Office Supplies,4,633.21,West,50.56
ORD-102876,2023-11-15,CUST-0994,Headphones,Electronics,3,246.86,North,46.1
ORD-101076,2023-06-25,CUST-0907,T-Shirt,Clothing,5,114.35,North,32.29
ORD-103212,2023-08-11,CUST-0346,Mouse,Office Supplies,2,37.64,East,9.85
ORD-104833,2023-03-17,CUST-1368,Keyboard,Office Supplies,4,172.93,North,42.01
ORD-103432,2023-08-17,CUST-1405,Notebook Pack,Others,3,36.31,Central,13.23
ORD-102742,2023-04-12,CUST-0614,Smartphone,Electronics,2,1119.99,West,271.61
ORD-103404,2023-06-25,CUST-0840,Mouse,Office Supplies,5,94.16,East,21.08
ORD-100974,2023-10-27,CUST-0107,Monitor,Electronics,4,1007.28,North,149.34
ORD-102675,2023-05-03,CUST-1382,T-Shirt,Clothing,2,48.18,East,14.7
ORD-102327,2023-07-28,CUST-0024,Smartphone,Electronics,3,1802.34,West,227.27
ORD-104772,2023-06-02,CUST-1122,Laptop,Electronics,1,902.18,West,142.95
ORD-102809,2023-03-13,CUST-1111,Smartphone,Electronics,1,633.9,West,100.64
ORD-100987,2023-04-29,CUST-1314,Laptop,Electronics,1,914.21,South,109.77
ORD-102822,2023-05-25,CUST-0275,Laptop,Electronics,2,1766.07,East,306.58
ORD-104528,2023-10-04,CUST-0137,Headphones,Electronics,4,368.8,West,100.02
ORD-101878,2023-12-19,CUST-0461,T-Shirt,Clothing,4,96.14,North,28.67
ORD-101383,2023-02-08,CUST-0940,Notebook Pack,Others,5,55.03,North,17.71
ORD-101199,2023-06-23,CUST-1312,Keyboard,Office Supplies,2,86.35,West,25.62
ORD-100405,2023-03-04,CUST-0234,Mouse,Office Supplies,4,86.31,North,25.93
ORD-100999,2023-04-04,CUST-0750,Headphones,Electronics,3,267.16,West,62.09
ORD-101122,2023-04-05,CUST-0618,Mouse,Office Supplies,5,90.59,North,23.19
ORD-102563,2023-04-08,CUST-0471,T-Shirt,Clothing,5,127.92,North,46.6
ORD-100476,2023-09-15,CUST-0093,Office Chair,Furniture,3,520.48,Central,38.34
ORD-103283,2023-10-26,CUST-1068,Laptop,Electronics,1,878.42,East,125.45
ORD-103679,2023-11-23,CUST-0175,Laptop,Electronics,3,2775.97,South,488.15
ORD-103860,2023-09-13,CUST-0162,Desk,Furniture,5,1667.78,West,275.54
ORD-104707,2023-07-30,CUST-0334,Office Chair,Furniture,2,382.76,North,35.26
ORD-103666,2023-10-17,CUST-1234,Headphones,Electronics,4,345.06,South,90.03
ORD-100567,2023-05-19,CUST-1459,Laptop,Electronics,3,2713.56,South,609.71
ORD-103742,2023-05-19,CUST-0077,Mouse,Office Supplies,5,98.92,North,26.23
ORD-103980,2023-12-07,CUST-0514,Laptop,Electronics,5,4425.3,North,493.68
ORD-101729,2023-09-03,CUST-0083,Office Chair,Furniture,2,382.75,North,33.81
ORD-104250,2023-12-22,CUST-0195,Monitor,Electronics,1,246.46,South,41.75
ORD-102612,2023-01-29,CUST-0648,T-Shirt,Clothing,2,47.52,East,14.69
ORD-100779,2023-12-06,CUST-0057,Mouse,Office Supplies,3,58.74,East,15.27
ORD-103780,2023-04-12,CUST-0455,Laptop,Electronics,4,3658.15,North,409.44
ORD-100036,2023-06-28,CUST-1321,Smartphone,Electronics,3,1932.89,South,282.75
ORD-104258,2023-06-08,CUST-0490,Notebook Pack,Others,4,52.12,East,18.04
ORD-101431,2023-03-14,Unknown,Jeans,Clothing,1,52.0,South,15.59
ORD-100995,2023-04-22,CUST-0805,Desk,Furniture,2,649.99,North,62.14
ORD-102462,2023-12-17,CUST-0080,Laptop,Electronics,2,1964.24,Central,178.36
ORD-102335,2023-06-17,CUST-0976,Keyboard,Office Supplies,5,239.82,West,59.08
ORD-102538,2023-03-03,CUST-0495,Laptop,Electronics,4,3626.55,South,555.72
ORD-103339,2023-11-05,CUST-0920,T-Shirt,Clothing,4,99.74,East,29.14
ORD-100417,2023-01-27,CUST-1069,Keyboard,Office Supplies,2,95.92,East,25.97
ORD-104446,2023-10-17,CUST-0388,Office Chair,Furniture,5,857.4,North,145.48
ORD-102348,2023-10-14,CUST-1023,Laptop,Electronics,2,1672.43,Central,238.03
ORD-100737,2023-10-30,CUST-0243,Monitor,Electronics,1,273.16,North,36.98
ORD-104936,2023-12-07,CUST-0884,Office Chair,Furniture,4,710.79,East,117.45
ORD-100143,2023-05-06,CUST-0699,T-Shirt,Clothing,5,123.74,South,34.88
ORD-103956,2023-10-04,CUST-1310,Notebook Pack,Others,5,59.1,West,23.17
ORD-103250,2023-03-15,CUST-1053,Notebook Pack,Others,3,34.29,Central,12.85
ORD-101865,2023-04-23,CUST-0781,Mouse,Office Supplies,2,39.8,North,7.56
ORD-104564,2023-09-22,CUST-0728,Smartphone,Electronics,4,2211.5,Central,409.96
ORD-100875,2023-03-16,CUST-0096,Mouse,Office Supplies,2,41.23,North,10.97
ORD-101480,2023-03-28,CUST-0032,Office Chair,Furniture,4,719.78,West,119.09
ORD-104385,2023-07-22,CUST-0568,Printer,Office Supplies,4,647.26,North,72.97
ORD-102817,2023-08-25,CUST-0649,T-Shirt,Clothing,3,71.04,South,25.0
ORD-100045,2023-11-17,CUST-0534,Mouse,Office Supplies,5,107.82,Central,22.37
ORD-102007,2023-02-27,CUST-0416,Smartphone,Electronics,2,1192.94,South,202.66
ORD-103245,2023-01-02,CUST-1221,T-Shirt,Clothing,3,79.26,Central,26.42
ORD-104115,2023-02-21,CUST-1205,Headphones,Electronics,5,411.42,North,104.73
ORD-100258,2023-07-05,CUST-0138,Laptop,Electronics,1,845.58,East,209.94
ORD-104783,2023-01-06,CUST-1343,T-Shirt,Clothing,2,47.63,South,14.51
ORD-101010,2023-07-13,CUST-1131,Jeans,Clothing,5,266.89,North,82.33
ORD-104307,2023-07-31,CUST-0626,Monitor,Electronics,4,933.03,South,141.34
ORD-100840,2023-12-25,CUST-0169,Laptop,Electronics,5,4529.59,North,1019.93
ORD-102557,2023-10-01,CUST-1056,Headphones,Electronics,1,96.98,North,30.73
ORD-101363,2023-05-17,CUST-1015,Laptop,Electronics,5,4465.69,South,714.19
ORD-101577,2023-10-24,CUST-0066,Mouse,Office Supplies,3,55.0,North,14.46
ORD-102874,2023-11-14,CUST-1145,Smartphone,Electronics,3,1656.55,Unknown,269.38
ORD-101407,2023-10-04,CUST-1475,Laptop,Electronics,2,1759.85,West,256.46
ORD-103095,2023-07-24,Unknown,Laptop,Electronics,5,4163.7,Central,629.22
ORD-104957,2023-06-04,CUST-0476,Headphones,Electronics,5,424.09,North,63.74
ORD-101340,2023-12-20,CUST-0758,Smartphone,Electronics,4,2416.78,Central,471.28
ORD-104658,2023-08-20,CUST-1096,T-Shirt,Clothing,1,24.23,North,7.6
ORD-100025,2023-03-16,CUST-1268,Smartphone,Electronics,2,1249.81,South,151.38
ORD-103007,2023-11-17,CUST-0508,Smartphone,Electronics,2,1181.85,West,237.31
ORD-104295,2023-10-06,CUST-0260,Office Chair,Furniture,5,860.32,Central,151.65
ORD-101344,2023-09-07,CUST-1240,Notebook Pack,Others,2,24.58,North,9.87
ORD-100909,2023-12-07,CUST-0199,Monitor,Electronics,5,1231.98,West,148.6
ORD-102287,2023-08-22,CUST-0837,Keyboard,Office Supplies,1,46.6,North,8.94
ORD-104315,2023-12-15,CUST-1220,Jeans,Clothing,2,102.38,South,32.18
ORD-100727,2023-11-25,CUST-0222,Laptop,Electronics,1,929.07,South,138.32
ORD-100022,2023-08-12,CUST-0710,Notebook Pack,Others,5,63.08,West,21.08
ORD-100592,2023-04-13,CUST-0710,Monitor,Electronics,4,1008.58,East,131.15
ORD-100915,2023-08-24,CUST-0351,Notebook Pack,Others,3,32.83,North,13.28
ORD-101002,2023-08-20,CUST-1332,Smartphone,Electronics,1,567.25,South,79.75
ORD-101933,2023-10-10,CUST-0686,Mouse,Office Supplies,2,40.24,South,9.26
ORD-102918,2023-02-03,CUST-0880,Laptop,Electronics,5,4584.27,Central,770.99
ORD-100225,2023-10-02,CUST-0577,Printer,Office Supplies,1,144.45,South,12.45
ORD-104203,2023-04-04,CUST-1351,Jeans,Clothing,5,282.12,North,81.25
ORD-101976,2023-07-15,CUST-0316,Desk,Furniture,1,290.63,South,38.76
ORD-104648,2023-10-26,CUST-0181,Monitor,Electronics,2,492.92,East,77.43
ORD-103975,2023-01-20,CUST-0540,Smartphone,Electronics,5,2816.13,Central,496.59
ORD-104591,2023-12-26,CUST-0281,T-Shirt,Clothing,4,109.98,Central,38.09
ORD-102185,2023-08-13,CUST-0930,Smartphone,Electronics,4,2423.36,North,405.88
ORD-100702,2023-06-01,CUST-0790,Smartphone,Electronics,1,576.36,North,65.45
ORD-101333,2023-04-04,CUST-0956,Notebook Pack,Others,1,12.67,East,3.91
ORD-103021,2023-10-15,CUST-0035,Keyboard,Office Supplies,5,239.96,North,58.91
ORD-102170,2023-09-08,CUST-1374,Office Chair,Furniture,5,934.37,East,126.79
ORD-101180,2023-05-31,CUST-0535,Keyboard,Office Supplies,3,146.41,South,36.26
ORD-100440,2023-06-30,CUST-0288,Mouse,Office Supplies,5,96.26,North,27.4
ORD-101208,2023-07-14,CUST-1099,Headphones,Electronics,1,92.43,North,22.36
ORD-102104,2023-01-20,CUST-0301,Jeans,Clothing,1,50.28,East,14.56
ORD-100150,2023-08-12,CUST-0814,Mouse,Office Supplies,3,54.42,West,17.56
ORD-101576,2023-10-15,CUST-0311,Mouse,Office Supplies,5,91.03,East,23.35
ORD-101148,2023-11-06,CUST-0083,T-Shirt,Clothing,2,47.48,North,12.3
ORD-100853,2023-12-13,CUST-0107,Printer,Office Supplies,4,590.71,North,69.37
ORD-100790,2023-08-14,CUST-0418,Headphones,Electronics,5,469.15,South,92.91
ORD-102334,2023-09-26,CUST-0978,Office Chair,Furniture,3,488.9,East,60.8
ORD-100210,2023-03-21,CUST-1029,Keyboard,Office Supplies,5,236.34,East,47.71
ORD-103963,2023-12-19,CUST-0304,Headphones,Electronics,4,337.49,South,86.4
ORD-104280,2023-08-08,CUST-1245,Laptop,Electronics,5,4462.12,North,811.15
ORD-100799,2023-01-15,CUST-0414,Keyboard,Office Supplies,2,97.45,South,15.66
ORD-100270,2023-12-22,CUST-0993,Laptop,Electronics,3,2602.0,North,365.57
ORD-102788,2023-05-18,CUST-0248,Printer,Office Supplies,2,320.02,Central,12.5
ORD-100495,2023-03-15,CUST-0337,T-Shirt,Clothing,2,51.73,North,14.93
ORD-103194,2023-11-24,CUST-1395,Jeans,Clothing,1,52.76,Central,14.17
ORD-100576,2023-11-09,CUST-0816,Printer,Office Supplies,4,658.93,South,50.87
ORD-102346,2023-10-14,CUST-1174,Mouse,Office Supplies,1,20.62,North,6.45
ORD-100531,2023-01-19,CUST-0134,Keyboard,Office Supplies,1,49.0,West,10.28
ORD-101372,2023-10-04,CUST-0810,Office Chair,Furniture,4,776.34,North,84.33
ORD-101078,2023-09-29,CUST-0722,Jeans,Clothing,4,202.49,South,64.38
ORD-101495,2023-12-15,CUST-1121,Jeans,Clothing,2,104.62,Central,28.93
ORD-104689,2023-04-25,CUST-0794,Keyboard,Office Supplies,1,44.5,South,9.27
ORD-102648,2023-08-11,CUST-1241,Jeans,Clothing,1,54.26,South,15.66
ORD-101969,2023-09-01,CUST-0635,T-Shirt,Clothing,2,50.38,North,13.01
ORD-102905,2023-06-29,CUST-0459,Jeans,Clothing,5,247.81,South,71.0
ORD-100224,2023-10-01,CUST-0948,Headphones,Electronics,5,453.78,South,112.75
ORD-104879,2023-12-01,CUST-0125,Office Chair,Furniture,2,370.32,West,40.11
ORD-101622,2023-10-12,CUST-0589,Mouse,Office Supplies,3,62.26,West,12.16
ORD-102945,2023-12-28,CUST-0133,Office Chair,Furniture,1,191.83,Central,28.12
ORD-101840,2023-07-14,CUST-1021,Laptop,Electronics,4,3459.51,East,834.61
ORD-104172,2023-03-03,CUST-1056,Notebook Pack,Others,2,22.88,East,6.34
ORD-102553,2023-03-18,CUST-0812,Notebook Pack,Others,3,35.28,East,9.44
ORD-101834,2023-11-19,CUST-1041,Headphones,Electronics,5,482.96,Central,117.91
ORD-103907,2023-08-19,CUST-1051,Mouse,Office Supplies,3,56.62,West,13.43
ORD-101974,2023-05-28,CUST-0097,Smartphone,Electronics,5,3288.31,West,800.84
ORD-104493,2023-11-17,CUST-1069,Smartphone,Electronics,2,1153.92,East,161.64
ORD-100849,2023-12-07,CUST-0396,Notebook Pack,Others,5,65.31,Central,19.58
ORD-104472,2023-12-15,CUST-0569,Jeans,Clothing,1,54.29,West,13.05
ORD-103563,2023-05-21,CUST-1125,Smartphone,Electronics,1,540.76,South,102.59
ORD-100145,2023-06-15,CUST-1153,Headphones,Electronics,4,331.66,West,46.75
ORD-102925,2023-09-19,CUST-0745,T-Shirt,Clothing,5,122.89,East,35.54
ORD-101186,2023-07-29,CUST-0955,Office Chair,Furniture,2,366.9,South,55.45
ORD-101005,2023-02-11,CUST-0992,Office Chair,Furniture,4,786.16,South,101.52
ORD-101016,2023-11-15,CUST-1377,Jeans,Clothing,2,99.07,North,28.11
ORD-102147,2023-03-08,CUST-0769,Notebook Pack,Others,4,46.77,East,17.2
ORD-101963,2023-07-16,CUST-0549,Smartphone,Electronics,1,646.29,South,144.16
ORD-102243,2023-05-14,CUST-0325,Headphones,Electronics,3,278.39,East,65.05
ORD-103702,2023-11-01,CUST-1088,T-Shirt,Clothing,1,27.23,North,9.55
ORD-104943,2023-10-25,CUST-0948,Notebook Pack,Others,4,48.07,West,19.91
ORD-102274,2023-08-27,CUST-0696,Mouse,Office Supplies,1,18.5,Central,4.68
ORD-101265,2023-06-03,CUST-0390,Mouse,Office Supplies,2,38.24,East,8.62
ORD-103592,2023-07-05,CUST-0363,Mouse,Office Supplies,3,59.16,North,13.09
ORD-101336,2023-05-09,CUST-1241,Smartphone,Electronics,1,553.4,North,110.56
ORD-102652,2023-11-07,CUST-1448,Mouse,Office Supplies,1,18.35,South,6.52
ORD-104793,2023-05-23,CUST-1212,Notebook Pack,Others,1,10.99,West,3.72
ORD-104727,2023-10-28,CUST-1261,Headphones,Electronics,1,86.73,North,24.66
ORD-104806,2023-09-30,CUST-0624,Office Chair,Furniture,5,837.83,South,133.53
ORD-101401,2023-10-28,CUST-1364,Laptop,Electronics,5,4299.81,East,397.25
ORD-100292,2023-01-29,CUST-0274,Printer,Office Supplies,4,627.01,East,93.97
ORD-104253,2023-04-26,CUST-0023,T-Shirt,Clothing,4,97.81,West,32.76
ORD-102012,2023-08-14,CUST-0810,Smartphone,Electronics,1,656.76,South,96.77
ORD-100789,2023-06-08,CUST-0457,T-Shirt,Clothing,4,105.7,West,27.56
ORD-100774,2023-03-14,CUST-0402,Laptop,Electronics,3,2677.3,East,348.59
ORD-102406,2023-06-29,CUST-0243,T-Shirt,Clothing,4,94.93,South,27.27
ORD-103204,2023-12-31,CUST-0133,Printer,Office Supplies,3,406.19,East,57.24
ORD-102707,2023-06-08,CUST-1024,Headphones,Electronics,2,170.01,West,31.62
ORD-100652,2023-12-03,CUST-0229,Jeans,Clothing,3,176.71,West,49.84
ORD-101171,2023-12-13,CUST-0489,Keyboard,Office Supplies,4,164.79,North,43.88
ORD-101343,2023-11-14,CUST-0338,T-Shirt,Clothing,1,22.55,West,7.11
ORD-100433,2023-05-17,CUST-1416,Mouse,Office Supplies,3,63.64,North,18.75
ORD-103160,2023-05-09,CUST-0103,Notebook Pack,Others,3,38.06,North,12.37
ORD-101880,2023-03-25,CUST-1120,T-Shirt,Clothing,1,23.58,South,6.48
ORD-102780,2023-06-02,CUST-0565,Smartphone,Electronics,3,1696.33,North,375.33
ORD-104813,2023-12-17,CUST-0730,Notebook Pack,Others,4,44.05,East,17.4
ORD-100863,2023-06-11,CUST-0122,T-Shirt,Clothing,3,82.07,South,17.95
ORD-102530,2023-05-16,CUST-0467,Jeans,Clothing,2,113.89,Central,30.49
ORD-104610,2023-10-20,CUST-1118,Mouse,Office Supplies,2,37.22,East,12.06
ORD-103903,2023-12-19,CUST-0594,T-Shirt,Clothing,5,133.77,West,37.28
ORD-102190,2023-09-22,CUST-0589,Smartphone,Electronics,5,3086.56,West,435.71
ORD-101394,2023-08-02,CUST-1306,Mouse,Office Supplies,3,54.86,North,17.14
ORD-104608,2023-05-05,CUST-1471,Smartphone,Electronics,4,2263.44,North,657.39
ORD-101993,2023-07-31,CUST-0100,Laptop,Electronics,2,1866.32,South,422.8
ORD-100695,2023-10-01,CUST-0308,T-Shirt,Clothing,4,105.11,Central,30.62
ORD-103864,2023-12-16,CUST-0642,Notebook Pack,Others,3,38.01,North,15.15
ORD-104911,2023-07-16,CUST-0904,Desk,Furniture,2,631.21,West,75.14
ORD-100616,2023-12-18,CUST-0629,Keyboard,Office Supplies,3,147.31,South,39.88
ORD-104105,2023-05-15,CUST-1476,Laptop,Electronics,3,2494.2,North,369.68
ORD-103089,2023-04-05,CUST-0974,Printer,Office Supplies,5,730.67,East,58.28
ORD-104107,2023-06-06,CUST-0835,Keyboard,Office Supplies,5,226.4,East,46.72
ORD-102223,2023-05-20,CUST-0354,Smartphone,Electronics,3,1714.52,East,225.32
ORD-104745,2023-07-15,CUST-0081,Laptop,Electronics,5,4622.74,North,929.32
ORD-101429,2023-02-08,CUST-0846,Desk,Furniture,5,1446.83,East,300.13
ORD-103703,2023-05-16,CUST-1247,Jeans,Clothing,4,209.84,West,64.32
ORD-100967,2023-05-14,CUST-0986,Smartphone,Electronics,4,2272.92,East,389.69
ORD-101899,2023-08-26,CUST-1387,Laptop,Electronics,1,888.24,Central,154.3
ORD-104224,2023-09-14,CUST-1492,Headphones,Electronics,4,345.99,West,64.5
ORD-103172,2023-07-26,CUST-0129,Keyboard,Office Supplies,4,195.46,Central,49.8
ORD-103804,2023-09-19,CUST-0582,Laptop,Electronics,5,4429.11,West,947.89
ORD-101042,2023-04-15,CUST-0385,Jeans,Clothing,4,206.38,Central,57.4
ORD-102307,2023-04-14,CUST-0756,Desk,Furniture,2,698.82,West,102.33
ORD-103292,2023-01-06,CUST-0259,T-Shirt,Clothing,1,27.03,Central,9.62
ORD-102408,2023-04-16,CUST-1241,Monitor,Electronics,4,1086.17,Central,172.99
ORD-104328,2023-01-08,CUST-1017,Mouse,Office Supplies,1,18.87,Central,4.66
ORD-103096,2023-01-16,CUST-0034,Laptop,Electronics,4,3405.28,South,337.0
ORD-100078,2023-12-14,CUST-0764,T-Shirt,Clothing,2,51.26,South,14.61
ORD-100802,2023-04-05,CUST-1464,Mouse,Office Supplies,1,19.72,North,6.21
ORD-103771,2023-12-16,CUST-0928,Notebook Pack,Others,4,47.35,West,14.85
ORD-104198,2023-10-13,CUST-0384,Smartphone,Electronics,3,1886.72,Unknown,405.6
ORD-103520,2023-12-20,CUST-0723,T-Shirt,Clothing,5,122.44,Central,35.44
ORD-103029,2023-02-24,CUST-0755,Office Chair,Furniture,4,743.88,South,139.97
ORD-101814,2023-02-19,CUST-0966,Mouse,Office Supplies,2,43.35,South,11.05
ORD-101240,2023-08-19,CUST-1409,Mouse,Office Supplies,4,80.79,Central,19.24
ORD-103267,2023-07-31,CUST-0656,Keyboard,Office Supplies,3,133.31,South,36.13
ORD-101064,2023-10-25,CUST-0153,Monitor,Electronics,4,969.49,Central,204.79
ORD-102987,2023-02-28,CUST-0211,T-Shirt,Clothing,2,47.77,East,14.47
ORD-101250,2023-11-17,CUST-0928,Smartphone,Electronics,5,2803.91,North,624.55
ORD-104319,2023-03-02,CUST-1491,Office Chair,Furniture,2,346.32,East,26.55
ORD-100625,2023-05-07,CUST-1211,Office Chair,Furniture,1,181.76,West,39.7
ORD-101674,2023-11-20,CUST-0556,Keyboard,Office Supplies,5,225.75,West,62.2
ORD-100597,2023-04-06,CUST-0202,Jeans,Clothing,3,160.03,East,43.92
ORD-103154,2023-12-09,CUST-1233,Smartphone,Electronics,3,1798.23,Central,329.05
ORD-100660,2023-08-02,CUST-1124,Headphones,Electronics,3,295.25,Central,67.46
ORD-104379,2023-08-29,CUST-0296,Laptop,Electronics,5,4752.33,North,862.56
ORD-100325,2023-02-15,CUST-0048,Jeans,Clothing,3,158.9,North,53.34
ORD-104930,2023-05-09,CUST-1363,Keyboard,Office Supplies,1,49.46,North,13.79
ORD-102790,2023-01-25,CUST-0388,Mouse,Office Supplies,2,42.99,Central,9.21
ORD-102738,2023-02-14,CUST-1270,Keyboard,Office Supplies,5,223.47,South,42.92
ORD-101664,2023-10-28,CUST-0713,Printer,Office Supplies,3,465.06,Central,87.16
ORD-100284,2023-07-24,CUST-0970,T-Shirt,Clothing,3,70.68,South,21.35
ORD-101697,2023-02-06,CUST-0455,Mouse,Office Supplies,4,75.13,North,21.01
ORD-103550,2023-07-12,CUST-0341,Mouse,Office Supplies,5,103.5,East,31.91
ORD-101640,2023-07-04,CUST-1053,Keyboard,Office Supplies,1,44.38,North,13.46
ORD-103151,2023-08-17,CUST-0506,T-Shirt,Clothing,2,46.42,South,13.42
ORD-104023,2023-12-23,CUST-0686,Printer,Office Supplies,5,752.23,East,58.13
ORD-101977,2023-12-13,CUST-0709,Notebook Pack,Others,3,37.79,South,17.42
ORD-102503,2023-03-16,CUST-1331,Mouse,Office Supplies,3,60.82,Unknown,15.56
ORD-101123,2023-05-13,CUST-1161,Smartphone,Electronics,5,2812.82,East,455.13
ORD-104264,2023-12-08,CUST-0202,Jeans,Clothing,5,252.97,East,91.58
ORD-102342,2023-05-25,CUST-1073,Keyboard,Office Supplies,2,85.12,East,17.9
ORD-102639,2023-08-08,CUST-1405,Smartphone,Electronics,5,3222.81,East,565.09
ORD-103652,2023-09-26,CUST-0591,Monitor,Electronics,1,266.61,East,47.86
ORD-104135,2023-12-12,CUST-0221,Laptop,Electronics,1,952.64,North,127.98
ORD-103576,2023-09-18,CUST-0499,Mouse,Office Supplies,3,61.78,East,18.09
ORD-102432,2023-08-31,CUST-1407,T-Shirt,Clothing,1,23.4,West,7.47
ORD-102481,2023-08-22,CUST-1217,Headphones,Electronics,3,246.83,Unknown,50.8
ORD-104494,2023-01-03,CUST-0575,Headphones,Electronics,2,196.73,East,31.64
ORD-104590,2023-08-18,CUST-0528,Headphones,Electronics,4,326.74,South,65.59
ORD-104755,2023-12-16,CUST-0050,T-Shirt,Clothing,3,77.13,South,21.48
ORD-102018,2023-02-04,CUST-1119,Jeans,Clothing,2,113.64,South,36.07
ORD-101489,2023-09-06,CUST-0625,T-Shirt,Clothing,2,48.75,Central,12.52
ORD-101091,2023-04-16,CUST-0801,Jeans,Clothing,4,240.89,North,63.17
ORD-100530,2023-04-04,CUST-0483,Jeans,Clothing,3,179.97,North,47.2
ORD-100381,2023-08-11,CUST-0648,Notebook Pack,Others,2,22.92,East,7.55
ORD-100227,2023-12-08,CUST-1221,T-Shirt,Clothing,4,104.9,Central,24.81
ORD-102767,2023-10-02,CUST-1175,Jeans,Clothing,2,111.83,North,33.21
ORD-104485,2023-09-14,CUST-0856,Headphones,Electronics,4,386.68,West,96.92
ORD-101949,2023-12-20,CUST-0369,Printer,Office Supplies,3,421.46,West,53.31
ORD-104032,2023-07-05,CUST-0110,Jeans,Clothing,2,114.73,Central,35.66
ORD-103411,2023-06-30,CUST-1496,Smartphone,Electronics,1,614.96,West,123.12
ORD-100939,2023-02-05,CUST-0514,Smartphone,Electronics,2,1116.64,West,281.21
ORD-100548,2023-05-31,CUST-1374,Keyboard,Office Supplies,2,94.46,East,19.8
ORD-103205,2023-04-10,CUST-0161,Office Chair,Furniture,5,873.95,West,166.52
ORD-101651,2023-02-27,CUST-0354,Headphones,Electronics,3,285.37,North,70.85
ORD-103149,2023-06-08,CUST-0168,Smartphone,Electronics,3,1932.01,North,416.9
ORD-103741,2023-09-06,CUST-0985,Smartphone,Electronics,4,2173.72,Unknown,306.54
ORD-103891,2023-10-10,CUST-0943,Jeans,Clothing,2,112.42,West,25.39
ORD-103133,2023-07-29,CUST-0620,Laptop,Electronics,5,4370.96,South,544.84
ORD-103692,2023-08-08,CUST-0530,Laptop,Electronics,4,3720.86,North,536.0
ORD-100088,2023-06-03,CUST-1358,Smartphone,Electronics,2,1124.03,West,169.65
ORD-101299,2023-03-08,CUST-0680,Office Chair,Furniture,2,353.24,North,58.36
ORD-103881,2023-09-16,CUST-0678,Printer,Office Supplies,2,307.31,North,15.59
ORD-100502,2023-08-28,CUST-0351,Printer,Office Supplies,1,147.5,East,21.43
ORD-100826,2023-08-05,CUST-0125,T-Shirt,Clothing,5,123.35,Central,39.57
ORD-100372,2023-05-01,CUST-0139,Office Chair,Furniture,4,783.57,North,140.77
ORD-101370,2023-10-31,CUST-1224,Smartphone,Electronics,1,584.3,West,96.2
ORD-102531,2023-11-03,CUST-1233,Jeans,Clothing,4,231.23,North,57.44
ORD-104814,2023-10-01,CUST-0999,Office Chair,Furniture,2,374.46,South,47.61
ORD-104799,2023-10-08,CUST-0643,Keyboard,Office Supplies,4,170.55,South,53.41
ORD-103734,2023-09-12,CUST-0753,Smartphone,Electronics,1,650.83,Unknown,102.9
ORD-100289,2023-05-01,CUST-0844,Smartphone,Electronics,3,1765.89,North,420.25
ORD-104680,2023-02-16,CUST-0598,Notebook Pack,Others,2,22.38,West,7.35
ORD-102498,2023-03-29,CUST-1315,Mouse,Office Supplies,4,73.72,North,21.01
ORD-102595,2023-08-24,CUST-1264,Printer,Office Supplies,2,290.47,Central,16.69
ORD-102087,2023-12-30,CUST-0307,Monitor,Electronics,2,478.65,North,64.06
ORD-103833,2023-05-08,CUST-0893,Desk,Furniture,5,1608.34,South,209.5
ORD-104329,2023-12-07,CUST-1097,Printer,Office Supplies,1,164.89,South,31.36
ORD-102356,2023-12-21,CUST-1474,T-Shirt,Clothing,2,50.85,East,16.43
ORD-102426,2023-08-19,CUST-1388,Laptop,Electronics,3,2690.27,East,424.36
ORD-104852,2023-09-10,CUST-1386,Mouse,Office Supplies,3,58.7,North,13.25
ORD-101730,2023-07-31,CUST-0538,Notebook Pack,Others,5,55.25,Central,15.72
ORD-102365,2023-10-24,CUST-0953,Jeans,Clothing,1,50.0,Central,13.43
ORD-104275,2023-03-26,CUST-0404,Laptop,Electronics,3,2434.5,East,380.53
ORD-102324,2023-12-03,CUST-0742,Headphones,Electronics,5,429.48,East,106.4
ORD-104544,2023-05-06,CUST-0027,Office Chair,Furniture,3,504.16,West,83.46
ORD-102991,2023-01-05,CUST-1337,Mouse,Office Supplies,2,37.66,North,9.09
ORD-104763,2023-05-19,CUST-1101,T-Shirt,Clothing,4,107.17,South,36.75
ORD-102316,2023-04-08,CUST-0382,Smartphone,Electronics,5,3132.33,North,712.0
ORD-104413,2023-07-18,CUST-0683,Smartphone,Electronics,2,1204.38,East,157.78
ORD-102605,2023-07-10,CUST-1164,Smartphone,Electronics,1,600.98,North,119.21
ORD-104905,2023-06-02,CUST-0672,T-Shirt,Clothing,3,75.38,West,22.37
ORD-104028,2023-10-01,CUST-0787,T-Shirt,Clothing,5,112.83,South,41.69
ORD-103834,2023-01-17,CUST-0261,Headphones,Electronics,2,169.07,West,29.4
ORD-102174,2023-02-09,CUST-0162,Monitor,Electronics,2,487.3,North,69.96
ORD-104409,2023-08-10,CUST-0690,Smartphone,Electronics,1,643.89,Central,112.82
ORD-101852,2023-07-02,CUST-1222,T-Shirt,Clothing,1,22.77,East,5.8
ORD-101264,2023-12-22,CUST-0519,T-Shirt,Clothing,1,27.25,East,7.67
ORD-100146,2023-12-10,CUST-0041,Monitor,Electronics,1,272.54,South,43.66
ORD-104326,2023-06-05,CUST-0912,Laptop,Electronics,1,974.31,East,151.65
ORD-101575,2023-10-25,CUST-0663,Headphones,Electronics,5,434.0,Central,67.87
ORD-101838,2023-03-30,CUST-0831,Keyboard,Office Supplies,2,87.22,Central,16.09
ORD-103392,2023-09-23,CUST-0671,Notebook Pack,Others,3,33.95,East,9.76
ORD-103642,2023-12-25,CUST-0931,Mouse,Office Supplies,5,104.08,South,26.38
ORD-103221,2023-09-19,CUST-1023,Mouse,Office Supplies,5,105.6,West,25.51
ORD-101389,2023-10-01,CUST-1136,Laptop,Electronics,2,1796.51,East,376.4
ORD-102803,2023-03-17,CUST-1165,T-Shirt,Clothing,4,104.76,North,39.26
ORD-101236,2023-12-21,CUST-1362,Headphones,Electronics,2,192.23,Central,47.29
ORD-104962,2023-04-06,CUST-0068,T-Shirt,Clothing,3,82.11,South,26.1
ORD-103640,2023-05-15,CUST-0944,Headphones,Electronics,1,84.22,South,17.27
ORD-103835,2023-08-27,CUST-0174,Desk,Furniture,4,1337.45,West,175.68
ORD-101743,2023-04-16,CUST-1311,Notebook Pack,Others,3,36.82,South,13.75
ORD-100596,2023-04-26,CUST-1402,Keyboard,Office Supplies,3,122.46,West,31.71
ORD-103235,2023-11-07,CUST-1206,Smartphone,Electronics,1,623.28,Central,136.29
ORD-102662,2023-01-30,CUST-1192,Office Chair,Furniture,5,834.46,Central,113.68
ORD-101713,2023-08-01,CUST-0669,Mouse,Office Supplies,2,40.37,North,11.27
ORD-100820,2023-11-24,CUST-0008,Laptop,Electronics,2,1897.77,East,152.77
ORD-102977,2023-01-08,CUST-0156,Keyboard,Office Supplies,5,246.45,West,52.7
ORD-100925,2023-02-08,CUST-1091,Headphones,Electronics,4,386.12,North,62.65
ORD-104354,2023-11-18,CUST-0879,Printer,Office Supplies,3,494.64,East,34.47
ORD-101251,2023-08-10,CUST-1137,Smartphone,Electronics,1,624.15,Central,101.21
ORD-103880,2023-04-06,CUST-0583,Keyboard,Office Supplies,2,87.1,North,26.34
ORD-100028,2023-10-03,CUST-1499,Smartphone,Electronics,3,1857.85,West,307.29
ORD-103724,2023-05-16,CUST-1178,Mouse,Office Supplies,2,36.77,South,10.73
ORD-102162,2023-03-05,CUST-0234,Office Chair,Furniture,2,359.89,North,54.24
ORD-104278,2023-10-21,CUST-0728,Headphones,Electronics,3,272.25,North,56.22
ORD-101046,2023-06-14,CUST-0554,Smartphone,Electronics,3,1787.27,West,244.19
ORD-100759,2023-10-30,CUST-0388,Desk,Furniture,2,610.8,West,94.52
ORD-102467,2023-03-24,CUST-0709,T-Shirt,Clothing,4,97.26,Central,27.96
ORD-100965,2023-05-08,CUST-1127,T-Shirt,Clothing,4,106.01,West,38.26
ORD-102054,2023-09-23,CUST-1239,Monitor,Electronics,3,747.26,North,94.44
ORD-103584,2023-01-28,CUST-0457,Printer,Office Supplies,2,295.23,Central,33.89
ORD-101715,2023-07-07,CUST-1317,Keyboard,Office Supplies,1,41.88,North,10.07
ORD-104458,2023-10-13,CUST-1364,Laptop,Electronics,1,937.51,East,162.94
ORD-100964,2023-05-25,CUST-0833,Notebook Pack,Others,2,23.27,Central,9.25
ORD-100650,2023-07-14,CUST-0049,Office Chair,Furniture,5,921.28,South,159.84
ORD-101543,2023-11-16,CUST-1372,Smartphone,Electronics,4,2588.94,Central,354.41
ORD-104820,2023-10-23,CUST-0228,Keyboard,Office Supplies,4,195.28,Central,45.17
ORD-104030,2023-10-28,CUST-1363,T-Shirt,Clothing,1,25.82,East,8.08
ORD-101249,2023-01-04,CUST-0054,Printer,Office Supplies,5,797.2,North,116.14
ORD-100245,2023-06-07,CUST-0905,Mouse,Office Supplies,4,87.41,North,27.8
ORD-100994,2023-04-24,CUST-0588,Printer,Office Supplies,2,298.91,East,16.94
ORD-103163,2023-08-08,CUST-0455,Keyboard,Office Supplies,1,45.14,South,11.25
ORD-101139,2023-11-17,CUST-1264,Jeans,Clothing,4,239.53,South,56.23
ORD-101811,2023-11-18,CUST-0288,Desk,Furniture,3,1043.73,West,143.27
ORD-104499,2023-08-08,CUST-1352,Keyboard,Office Supplies,5,242.04,South,68.06
ORD-100392,2023-09-03,CUST-1147,T-Shirt,Clothing,2,53.54,East,17.26
ORD-101400,2023-05-07,CUST-0395,Desk,Furniture,5,1726.8,North,132.3
ORD-100798,2023-02-05,CUST-1480,Keyboard,Office Supplies,3,121.63,East,31.02
ORD-101784,2023-04-28,CUST-0025,Headphones,Electronics,3,270.97,Central,68.41
ORD-101529,2023-06-21,CUST-0422,Headphones,Electronics,1,81.67,North,17.51
ORD-104297,2023-09-23,CUST-0724,T-Shirt,Clothing,5,126.21,South,32.35
ORD-102343,2023-06-05,CUST-1466,Headphones,Electronics,5,457.5,East,88.6
ORD-100848,2023-12-03,CUST-0947,Smartphone,Electronics,4,2636.36,West,395.32
ORD-101619,2023-10-03,CUST-0713,Laptop,Electronics,2,1900.54,South,98.74
ORD-104849,2023-10-01,CUST-1396,Keyboard,Office Supplies,1,46.96,North,12.33
ORD-102702,2023-08-16,CUST-0564,Office Chair,Furniture,3,507.67,East,28.26
ORD-100509,2023-10-02,CUST-0741,Smartphone,Electronics,5,2895.92,North,478.87
ORD-102310,2023-03-18,CUST-1417,Notebook Pack,Others,3,37.49,East,10.95
ORD-102423,2023-10-01,CUST-0840,Smartphone,Electronics,4,2171.33,North,371.33
ORD-101164,2023-08-05,CUST-0219,Smartphone,Electronics,5,2751.37,East,701.36
ORD-101034,2023-06-26,CUST-1160,Office Chair,Furniture,3,514.15,North,101.56
ORD-101615,2023-10-31,CUST-0185,Headphones,Electronics,1,95.81,East,22.53
ORD-100562,2023-04-30,CUST-0188,Mouse,Office Supplies,2,40.9,North,12.2
ORD-104946,2023-10-25,CUST-0706,T-Shirt,Clothing,5,129.32,West,39.09
ORD-103659,2023-09-29,CUST-1268,Laptop,Electronics,1,904.48,East,193.84
ORD-100117,2023-08-08,CUST-0722,Keyboard,Office Supplies,4,195.26,South,53.93
ORD-104027,2023-09-20,CUST-0209,Jeans,Clothing,4,206.71,North,49.66
ORD-101793,2023-02-12,CUST-1149,Keyboard,Office Supplies,1,45.81,North,9.4
ORD-103538,2023-04-08,CUST-1227,Smartphone,Electronics,2,1239.8,South,140.38
ORD-103631,2023-03-12,CUST-1259,Notebook Pack,Others,1,12.57,Unknown,3.79
ORD-103910,2023-01-12,CUST-1025,T-Shirt,Clothing,3,68.71,North,20.17
ORD-101351,2023-11-26,CUST-0406,Mouse,Office Supplies,1,19.97,North,6.11
ORD-100666,2023-06-13,CUST-1210,Mouse,Office Supplies,2,41.55,North,12.9
ORD-104504,2023-04-17,CUST-1336,Smartphone,Electronics,4,2606.84,North,384.29
ORD-100955,2023-06-14,CUST-0377,Mouse,Office Supplies,3,64.66,Central,19.13
ORD-104500,2023-08-13,CUST-1018,Laptop,Electronics,4,3899.84,South,787.4
ORD-101358,2023-05-21,CUST-0306,Keyboard,Office Supplies,5,225.98,South,61.19
ORD-104355,2023-12-22,CUST-0286,Keyboard,Office Supplies,4,162.33,Central,33.99
ORD-101193,2023-12-01,CUST-0693,Notebook Pack,Others,1,12.67,East,4.15
ORD-100332,2023-07-02,CUST-0286,Keyboard,Office Supplies,2,81.07,North,17.28
ORD-101110,2023-04-14,CUST-0925,Smartphone,Electronics,3,1922.91,North,311.45
ORD-103904,2023-05-19,CUST-1382,Office Chair,Furniture,3,529.01,North,66.15
ORD-104467,2023-05-17,CUST-0929,Jeans,Clothing,4,240.53,North,72.78
ORD-100214,2023-10-28,CUST-0825,Keyboard,Office Supplies,3,128.91,West,31.18
ORD-104436,2023-12-05,CUST-0538,Mouse,Office Supplies,5,102.85,North,36.51
ORD-100933,2023-10-18,CUST-0565,Keyboard,Office Supplies,3,147.3,East,44.8
ORD-102765,2023-08-29,CUST-0983,Notebook Pack,Others,3,34.77,West,13.19
ORD-102663,2023-12-16,CUST-0867,Headphones,Electronics,1,94.29,North,24.88
ORD-104080,2023-02-11,CUST-0805,Office Chair,Furniture,4,731.73,South,88.84
ORD-101527,2023-12-07,CUST-0047,T-Shirt,Clothing,2,45.9,Central,12.54
ORD-102674,2023-07-24,CUST-0628,T-Shirt,Clothing,4,104.2,West,34.47
ORD-101488,2023-05-13,CUST-1059,Printer,Office Supplies,4,600.34,North,44.92
ORD-103845,2023-06-03,CUST-1392,T-Shirt,Clothing,3,74.16,Central,16.79
ORD-101665,2023-05-02,CUST-0992,Mouse,Office Supplies,3,55.38,North,11.98
ORD-101612,2023-11-17,CUST-1162,Keyboard,Office Supplies,1,41.57,Central,14.41
ORD-103477,2023-10-17,CUST-0047,Printer,Office Supplies,4,608.15,East,78.84
ORD-103185,2023-06-08,CUST-0970,Laptop,Electronics,5,4175.83,North,1019.2
ORD-103632,2023-10-09,CUST-1206,T-Shirt,Clothing,2,52.11,North,14.46
ORD-101476,2023-01-24,CUST-0488,Desk,Furniture,2,681.89,Central,76.46
ORD-102712,2023-05-08,CUST-0639,Headphones,Electronics,1,98.58,Central,21.27
ORD-100435,2023-01-14,CUST-0967,Smartphone,Electronics,4,2343.14,West,618.93
ORD-100281,2023-08-15,CUST-0365,Smartphone,Electronics,3,1664.56,East,329.56
ORD-102242,2023-07-02,CUST-0959,Office Chair,Furniture,4,664.17,East,122.01
ORD-102441,2023-06-12,CUST-0694,Smartphone,Electronics,3,1706.23,Central,369.04
ORD-102524,2023-08-29,CUST-0902,Printer,Office Supplies,5,805.06,North,47.47
ORD-104325,2023-07-28,CUST-0649,T-Shirt,Clothing,4,90.12,West,25.64
ORD-102773,2023-04-11,CUST-0705,Laptop,Electronics,5,4256.01,West,794.99
ORD-100322,2023-06-27,CUST-0113,Monitor,Electronics,3,724.04,North,59.82
ORD-103169,2023-06-24,CUST-0231,Jeans,Clothing,4,232.9,North,67.46
ORD-100319,2023-04-21,CUST-0658,Notebook Pack,Others,2,22.06,West,8.09
ORD-100983,2023-08-31,CUST-1375,Desk,Furniture,3,880.31,East,64.97
ORD-104101,2023-12-24,CUST-1412,Jeans,Clothing,2,108.13,East,24.18
ORD-103549,2023-07-08,CUST-0673,Mouse,Office Supplies,3,62.46,North,17.35
ORD-100981,2023-04-25,CUST-0824,Mouse,Office Supplies,3,56.5,East,15.87
ORD-104188,2023-11-29,CUST-1246,Laptop,Electronics,2,1851.64,South,302.26
ORD-104576,2023-05-01,CUST-0546,Mouse,Office Supplies,1,20.97,East,6.55
ORD-101863,2023-04-01,CUST-0844,T-Shirt,Clothing,3,69.12,Central,25.65
ORD-104387,2023-06-29,CUST-0771,Smartphone,Electronics,2,1189.8,West,167.16
ORD-101421,2023-10-09,CUST-0805,T-Shirt,Clothing,4,104.41,South,29.14
ORD-100629,2023-05-06,CUST-1140,Mouse,Office Supplies,2,38.6,East,12.52
ORD-101817,2023-04-17,CUST-0171,Desk,Furniture,1,298.24,West,43.54
ORD-103314,2023-10-14,CUST-1413,Monitor,Electronics,4,908.51,South,154.74
ORD-104826,2023-02-28,CUST-0877,Smartphone,Electronics,2,1314.87,South,175.13
ORD-104965,2023-07-20,CUST-0582,Laptop,Electronics,5,4632.31,East,698.7
ORD-100054,2023-06-06,CUST-0914,Keyboard,Office Supplies,3,144.68,Central,41.28
ORD-100854,2023-04-19,CUST-0197,Headphones,Electronics,3,295.26,East,69.18
ORD-100556,2023-09-29,CUST-1417,Monitor,Electronics,2,536.68,East,40.01
ORD-102315,2023-01-16,CUST-0196,Headphones,Electronics,3,291.09,East,72.62
ORD-103577,2023-10-04,CUST-1148,Headphones,Electronics,2,165.09,North,31.41
ORD-100635,2023-12-02,CUST-1370,Smartphone,Electronics,5,3252.99,North,478.29
ORD-104861,2023-10-31,CUST-1471,Mouse,Office Supplies,2,40.06,East,10.95
ORD-102885,2023-11-02,CUST-1359,Headphones,Electronics,4,358.51,West,68.19
ORD-100234,2023-10-24,CUST-0423,Printer,Office Supplies,5,680.85,North,51.04
ORD-102178,2023-01-13,CUST-1313,Headphones,Electronics,2,193.02,South,43.52
ORD-101111,2023-11-17,CUST-0593,Office Chair,Furniture,2,362.2,West,58.02
ORD-101379,2023-11-22,CUST-1496,Office Chair,Furniture,4,698.35,North,91.6
ORD-102160,2023-01-25,CUST-0060,Desk,Furniture,1,338.96,South,41.91
ORD-100202,2023-10-26,CUST-1342,T-Shirt,Clothing,5,128.11,West,37.32
ORD-101238,2023-12-24,CUST-1328,Smartphone,Electronics,5,2766.59,North,553.54
ORD-104868,2023-11-18,CUST-0060,Desk,Furniture,4,1387.82,South,126.76
ORD-102021,2023-10-05,CUST-0348,Smartphone,Electronics,2,1088.55,East,250.98
ORD-102583,2023-12-05,CUST-1296,Smartphone,Electronics,5,2901.16,South,400.08
ORD-103201,2023-01-07,CUST-1076,Printer,Office Supplies,1,144.2,East,15.62
ORD-104903,2023-04-25,CUST-1495,Mouse,Office Supplies,4,75.34,North,20.71
ORD-102763,2023-11-15,CUST-0754,Monitor,Electronics,1,246.16,North,14.46
ORD-104206,2023-11-07,CUST-1363,Smartphone,Electronics,1,540.37,South,145.56
ORD-104550,2023-03-26,CUST-1107,Laptop,Electronics,5,4716.39,West,701.96
ORD-102827,2023-12-12,CUST-0606,Headphones,Electronics,1,88.92,West,25.46
ORD-101985,2023-12-18,CUST-0194,Printer,Office Supplies,5,748.08,East,103.29
ORD-101968,2023-08-16,CUST-1025,Desk,Furniture,5,1444.04,Central,135.15
ORD-102290,2023-09-09,CUST-0446,Notebook Pack,Others,1,12.31,South,4.47
ORD-104406,2023-07-16,CUST-1323,Printer,Office Supplies,1,159.71,North,25.67
ORD-103168,2023-05-06,CUST-1419,Laptop,Electronics,5,4781.35,North,905.19
ORD-103794,2023-08-02,CUST-1419,T-Shirt,Clothing,4,95.57,South,32.45
ORD-102249,2023-01-25,CUST-1389,Monitor,Electronics,1,265.67,Central,57.49
ORD-103611,2023-10-10,CUST-1253,Monitor,Electronics,3,777.9,North,81.6
ORD-104857,2023-08-07,CUST-0050,Jeans,Clothing,3,173.25,West,42.41
ORD-104447,2023-02-19,CUST-1336,T-Shirt,Clothing,4,95.08,West,28.52
ORD-102880,2023-09-30,CUST-0914,Smartphone,Electronics,4,2367.87,West,380.78
ORD-103618,2023-11-08,CUST-0890,Monitor,Electronics,5,1256.36,West,304.17
ORD-104855,2023-02-28,CUST-0672,Notebook Pack,Others,5,56.4,North,21.6
ORD-100352,2023-04-01,CUST-0981,T-Shirt,Clothing,3,80.91,East,28.59
ORD-103796,2023-11-12,CUST-1377,Jeans,Clothing,4,205.93,East,72.56
ORD-101055,2023-03-14,CUST-1026,Jeans,Clothing,3,180.2,North,59.43
ORD-101638,2023-04-25,CUST-1482,Headphones,Electronics,4,334.57,East,95.2
ORD-102367,2023-08-30,CUST-0564,Office Chair,Furniture,4,650.96,North,70.39
ORD-103547,2023-12-23,CUST-0899,Notebook Pack,Others,5,63.72,North,23.88
ORD-103976,2023-01-29,CUST-0963,Laptop,Electronics,5,4184.41,East,893.09
ORD-103013,2023-12-11,CUST-0961,Keyboard,Office Supplies,5,205.18,East,59.51
ORD-104821,2023-10-07,CUST-0887,Headphones,Electronics,2,168.14,East,45.12
ORD-100651,2023-02-23,CUST-0996,Printer,Office Supplies,5,788.64,East,44.14
ORD-104143,2023-03-21,CUST-0145,Office Chair,Furniture,2,380.62,South,40.69
ORD-101284,2023-08-19,CUST-0391,Printer,Office Supplies,5,756.1,West,23.45
ORD-101516,2023-06-07,CUST-1376,Smartphone,Electronics,1,610.17,Central,113.87
ORD-101692,2023-09-15,CUST-0333,Headphones,Electronics,4,365.97,West,101.4
ORD-104714,2023-04-08,CUST-0997,T-Shirt,Clothing,1,23.12,Central,6.28
ORD-104491,2023-12-27,CUST-0088,Mouse,Office Supplies,5,106.06,South,27.89
ORD-100873,2023-10-30,CUST-0362,Office Chair,Furniture,2,371.87,West,51.94
ORD-101377,2023-10-08,CUST-0131,Mouse,Office Supplies,1,19.2,Central,4.85
ORD-102811,2023-09-22,CUST-0851,Mouse,Office Supplies,5,107.53,North,22.51
ORD-100936,2023-12-07,CUST-0611,Notebook Pack,Others,2,25.93,Central,8.61
ORD-100731,2023-12-14,CUST-1475,Laptop,Electronics,5,4535.31,North,461.84
ORD-102056,2023-07-27,CUST-0298,Notebook Pack,Others,1,12.79,East,3.22
ORD-104712,2023-10-29,CUST-1442,Jeans,Clothing,4,224.84,Central,62.62
ORD-104262,2023-06-07,CUST-0107,Headphones,Electronics,5,463.43,North,108.36
ORD-101860,2023-02-11,CUST-1485,T-Shirt,Clothing,3,79.56,Unknown,23.9
ORD-100954,2023-02-05,CUST-0258,Notebook Pack,Others,5,59.11,East,21.59
ORD-102376,2023-09-16,CUST-0189,Mouse,Office Supplies,2,43.41,East,10.61
ORD-101940,2023-04-19,CUST-0413,Headphones,Electronics,4,385.85,Central,63.54
ORD-104909,2023-12-15,CUST-0655,Headphones,Electronics,4,348.21,West,68.19
ORD-104142,2023-10-13,CUST-1036,Laptop,Electronics,3,2572.28,South,282.63
ORD-102292,2023-05-25,CUST-0658,Jeans,Clothing,5,302.18,North,67.57
ORD-102642,2023-03-29,CUST-1237,T-Shirt,Clothing,1,25.02,Central,6.92
ORD-104963,2023-12-01,CUST-1216,Headphones,Electronics,4,392.82,North,103.07
ORD-100233,2023-08-08,CUST-0183,T-Shirt,Clothing,3,75.09,South,26.41
ORD-103463,2023-07-18,CUST-0381,Headphones,Electronics,2,178.78,Central,29.88
ORD-100601,2023-07-22,CUST-0650,Keyboard,Office Supplies,5,212.22,North,56.99
ORD-104860,2023-12-07,CUST-0989,T-Shirt,Clothing,3,68.34,West,19.02
ORD-103018,2023-11-21,CUST-0642,Monitor,Electronics,2,515.06,Central,76.01
ORD-101951,2023-03-22,CUST-1232,Laptop,Electronics,3,2876.38,East,482.3
ORD-102038,2023-09-14,CUST-0239,T-Shirt,Clothing,5,116.13,East,29.63
ORD-100259,2023-12-23,CUST-0328,T-Shirt,Clothing,4,93.39,North,29.64
ORD-101796,2023-06-13,CUST-1446,T-Shirt,Clothing,1,25.29,East,8.78
ORD-104059,2023-11-25,CUST-0500,Mouse,Office Supplies,1,19.27,North,4.86
ORD-103968,2023-12-30,CUST-0574,Desk,Furniture,2,643.62,East,44.07
ORD-103854,2023-07-08,CUST-0959,Jeans,Clothing,3,174.44,South,46.08
ORD-104541,2023-11-10,CUST-0677,Laptop,Electronics,2,1877.11,East,269.08
ORD-104991,2023-09-29,CUST-0326,Mouse,Office Supplies,5,91.02,North,25.53
ORD-104687,2023-01-20,CUST-0651,Desk,Furniture,4,1260.52,West,138.79
ORD-100571,2023-02-10,CUST-0319,Mouse,Office Supplies,2,43.61,North,9.85
ORD-102098,2023-06-08,CUST-0027,Smartphone,Electronics,2,1286.43,North,306.73
ORD-100885,2023-10-26,CUST-0806,Office Chair,Furniture,4,736.48,West,101.24
ORD-101839,2023-04-17,CUST-1443,Keyboard,Office Supplies,3,145.07,South,28.17
ORD-104318,2023-02-15,CUST-0849,Mouse,Office Supplies,5,102.1,West,31.77
ORD-104884,2023-11-08,CUST-1120,Mouse,Office Supplies,1,19.29,North,6.76
ORD-100331,2023-09-25,CUST-0505,Smartphone,Electronics,3,1865.8,North,328.54
ORD-100316,2023-04-23,CUST-0764,Office Chair,Furniture,3,565.24,South,72.5
ORD-102810,2023-02-13,CUST-0223,Laptop,Electronics,1,965.03,West,179.75
ORD-102254,2023-12-21,CUST-0432,Notebook Pack,Others,3,37.4,North,11.76
ORD-103025,2023-03-07,CUST-0314,Smartphone,Electronics,4,2606.52,North,356.62
ORD-102784,2023-12-26,CUST-1161,Headphones,Electronics,3,269.59,North,55.75
ORD-103175,2023-12-19,CUST-0425,Laptop,Electronics,1,815.57,North,70.9
ORD-100707,2023-08-26,CUST-0589,Keyboard,Office Supplies,2,98.57,North,26.32
ORD-104060,2023-10-23,CUST-0657,Notebook Pack,Others,1,11.87,West,4.53
ORD-104644,2023-06-26,CUST-1446,Headphones,Electronics,3,244.94,North,50.28
ORD-103681,2023-09-14,CUST-0127,Smartphone,Electronics,4,2481.4,East,521.59
ORD-104754,2023-12-17,CUST-0238,Printer,Office Supplies,4,589.64,West,42.3
ORD-104569,2023-12-07,CUST-1322,T-Shirt,Clothing,1,26.83,East,6.39
ORD-101300,2023-12-26,CUST-0902,Headphones,Electronics,1,84.42,West,18.65
ORD-101502,2023-10-04,CUST-0251,Office Chair,Furniture,3,500.13,North,61.42
ORD-103086,2023-09-19,CUST-0867,Headphones,Electronics,3,255.17,North,58.13
ORD-104618,2023-03-04,CUST-0569,Desk,Furniture,2,607.23,East,53.82
ORD-104375,2023-04-29,CUST-1045,Smartphone,Electronics,3,1794.24,North,210.86
ORD-100524,2023-05-27,CUST-1168,Smartphone,Electronics,5,3080.63,North,679.22
ORD-103182,2023-09-29,CUST-1135,T-Shirt,Clothing,2,50.07,North,13.45
ORD-103842,2023-03-02,CUST-1487,Jeans,Clothing,4,216.34,Unknown,45.9
ORD-101214,2023-06-23,CUST-0838,Headphones,Electronics,3,281.17,South,66.14
ORD-102520,2023-02-04,CUST-1214,Smartphone,Electronics,4,2382.24,South,592.23
ORD-100521,2023-08-26,CUST-0690,Office Chair,Furniture,5,922.15,North,174.45
ORD-103775,2023-04-07,CUST-0398,T-Shirt,Clothing,3,73.8,North,27.58
ORD-101298,2023-04-13,CUST-1111,Keyboard,Office Supplies,3,127.55,North,35.54
ORD-101802,2023-07-17,CUST-0018,Smartphone,Electronics,1,565.24,Central,60.38
ORD-104836,2023-09-16,CUST-0307,Laptop,Electronics,3,2934.15,East,490.11
ORD-101200,2023-12-25,CUST-0206,T-Shirt,Clothing,5,118.68,South,30.1
ORD-104063,2023-03-25,CUST-0647,T-Shirt,Clothing,1,27.47,West,10.6
ORD-100294,2023-10-10,CUST-0550,Mouse,Office Supplies,4,86.41,North,30.0
ORD-101954,2023-05-13,CUST-0926,Printer,Office Supplies,2,307.94,North,49.97
ORD-103695,2023-06-02,CUST-0324,Office Chair,Furniture,5,955.19,Central,130.05
ORD-103131,2023-09-09,CUST-1281,Printer,Office Supplies,3,405.7,South,32.19
ORD-102554,2023-08-28,CUST-0456,Headphones,Electronics,3,249.05,East,52.65
ORD-100519,2023-03-12,CUST-0523,Mouse,Office Supplies,3,63.01,East,19.08
ORD-103973,2023-08-07,CUST-0494,Smartphone,Electronics,1,553.1,South,121.75
ORD-104111,2023-05-20,CUST-0948,Mouse,Office Supplies,4,77.79,North,21.46
ORD-103575,2023-09-20,CUST-0394,Office Chair,Furniture,1,180.39,East,18.98
ORD-102521,2023-11-19,CUST-0543,T-Shirt,Clothing,3,74.99,North,23.26
ORD-102429,2023-04-01,CUST-0575,Keyboard,Office Supplies,4,173.37,Central,29.61
ORD-102647,2023-02-10,CUST-0251,Mouse,Office Supplies,5,96.65,North,23.89
ORD-104122,2023-11-13,CUST-1025,Mouse,Office Supplies,4,87.74,East,31.22
ORD-102143,2023-01-19,CUST-1398,Mouse,Office Supplies,1,18.25,North,5.13
ORD-103254,2023-07-10,CUST-0177,Laptop,Electronics,1,966.4,West,101.84
ORD-102079,2023-06-05,CUST-1109,Laptop,Electronics,5,4241.84,West,1014.61
ORD-100785,2023-12-24,CUST-1115,Office Chair,Furniture,2,324.92,South,74.92
ORD-104144,2023-08-12,CUST-0614,T-Shirt,Clothing,5,129.73,Central,39.64
ORD-102958,2023-06-04,CUST-0711,Headphones,Electronics,2,189.84,Central,48.79
ORD-103587,2023-08-01,CUST-1197,T-Shirt,Clothing,5,113.55,East,31.55
ORD-103625,2023-05-04,CUST-1199,T-Shirt,Clothing,5,120.79,Central,29.53
ORD-103286,2023-10-01,CUST-1119,Jeans,Clothing,1,54.45,South,15.52
ORD-100722,2023-01-12,CUST-1115,Laptop,Electronics,5,4823.45,East,1115.95
ORD-101532,2023-12-11,CUST-0743,T-Shirt,Clothing,5,132.72,South,33.82
ORD-101224,2023-10-14,CUST-0726,Smartphone,Electronics,5,2960.09,West,617.47
ORD-101900,2023-11-28,CUST-1258,T-Shirt,Clothing,1,23.17,East,7.27
ORD-103537,2023-10-27,CUST-0937,T-Shirt,Clothing,4,106.18,North,36.37
ORD-101681,2023-05-18,CUST-1370,Mouse,Office Supplies,1,20.44,South,6.01
ORD-100357,2023-07-04,CUST-1174,Mouse,Office Supplies,2,38.46,South,9.09
ORD-104887,2023-02-26,CUST-0942,Keyboard,Office Supplies,1,46.33,West,10.34
ORD-102340,2023-08-30,CUST-0185,Smartphone,Electronics,3,1824.59,North,243.06
ORD-101364,2023-11-12,CUST-1100,Desk,Furniture,1,308.34,North,15.19
ORD-101462,2023-08-05,CUST-0960,Smartphone,Electronics,4,2230.08,Central,419.18
ORD-100236,2023-12-13,CUST-0390,Desk,Furniture,2,662.45,Central,77.79
ORD-102103,2023-07-18,CUST-0605,Notebook Pack,Others,4,52.69,West,16.83
ORD-102870,2023-08-23,CUST-0514,Jeans,Clothing,3,178.62,South,51.91
ORD-102679,2023-09-18,CUST-1312,Monitor,Electronics,3,751.32,East,112.9
ORD-104973,2023-04-07,CUST-1488,Mouse,Office Supplies,5,105.15,East,30.52
ORD-101196,2023-03-07,CUST-0684,Headphones,Electronics,3,271.01,West,64.78
ORD-100248,2023-10-18,CUST-0899,Office Chair,Furniture,2,365.87,East,76.62
ORD-101965,2023-10-29,CUST-0424,Laptop,Electronics,2,1883.94,Central,231.29
ORD-100269,2023-11-16,CUST-1298,Laptop,Electronics,1,828.54,East,102.57
ORD-100537,2023-12-01,CUST-0263,Smartphone,Electronics,4,2176.78,North,299.53
ORD-103615,2023-12-13,CUST-0741,Keyboard,Office Supplies,5,217.15,North,64.02
ORD-101342,2023-08-01,CUST-1232,T-Shirt,Clothing,1,24.1,North,8.1
ORD-102081,2023-06-15,CUST-0680,Smartphone,Electronics,1,583.37,East,120.99
ORD-104620,2023-03-26,CUST-0605,Headphones,Electronics,5,462.19,East,116.79
ORD-102971,2023-11-21,CUST-1183,Jeans,Clothing,2,112.68,South,28.09
ORD-100507,2023-10-21,CUST-1425,Mouse,Office Supplies,1,20.75,West,6.72
ORD-104854,2023-07-17,CUST-0269,Laptop,Electronics,4,3372.06,East,404.33
ORD-101978,2023-12-15,CUST-1485,Keyboard,Office Supplies,1,48.65,North,11.68
ORD-104751,2023-02-23,CUST-0986,T-Shirt,Clothing,4,104.77,South,37.15
ORD-100890,2023-06-23,CUST-0690,Monitor,Electronics,3,727.05,South,88.3
ORD-100396,2023-10-01,CUST-0031,Mouse,Office Supplies,5,106.46,East,25.68
ORD-103523,2023-08-04,CUST-0361,Office Chair,Furniture,4,666.53,North,117.99
ORD-104593,2023-09-08,CUST-1190,Smartphone,Electronics,3,1723.44,East,335.24
ORD-101068,2023-05-31,CUST-0248,Laptop,Electronics,4,3442.66,East,388.32
ORD-102838,2023-08-13,CUST-1284,Office Chair,Furniture,1,179.74,East,36.85
ORD-100005,2023-10-07,CUST-0923,Notebook Pack,Others,2,22.42,Central,7.96
ORD-101206,2023-06-14,CUST-0493,T-Shirt,Clothing,1,27.26,South,8.38
ORD-103555,2023-07-19,CUST-0827,Mouse,Office Supplies,1,21.35,South,7.12
ORD-103196,2023-05-28,CUST-0119,T-Shirt,Clothing,4,90.81,Central,31.75
ORD-100152,2023-05-26,CUST-1082,Smartphone,Electronics,4,2561.25,South,448.13
ORD-101098,2023-02-19,CUST-0044,Mouse,Office Supplies,2,39.23,North,9.59
ORD-102864,2023-04-26,CUST-1294,Office Chair,Furniture,1,194.88,North,33.1
ORD-102027,2023-08-17,CUST-0269,Office Chair,Furniture,3,514.68,North,92.25
ORD-102297,2023-12-02,CUST-1005,Laptop,Electronics,1,902.38,Central,108.7
ORD-101799,2023-01-23,CUST-1318,Jeans,Clothing,2,109.8,East,38.34
ORD-101085,2023-08-07,CUST-0775,Keyboard,Office Supplies,1,45.32,South,12.47
ORD-103231,2023-02-15,CUST-1119,Smartphone,Electronics,1,580.59,West,131.98
ORD-101165,2023-04-29,CUST-1426,Mouse,Office Supplies,2,36.59,East,7.43
ORD-103294,2023-04-20,CUST-0653,T-Shirt,Clothing,2,54.78,Central,20.48
ORD-104403,2023-05-06,CUST-0877,Headphones,Electronics,4,362.79,Central,55.54
ORD-103385,2023-11-22,CUST-0050,Jeans,Clothing,4,209.95,South,54.04
ORD-103322,2023-09-19,CUST-1238,Keyboard,Office Supplies,3,143.57,South,37.75
ORD-103510,2023-11-04,CUST-1002,Notebook Pack,Others,4,48.71,Central,18.85
ORD-102855,2023-05-25,CUST-1094,Notebook Pack,Others,2,23.0,East,9.13
ORD-101547,2023-07-12,CUST-1333,Keyboard,Office Supplies,2,89.69,West,24.88
ORD-101538,2023-10-31,CUST-0227,Mouse,Office Supplies,5,98.0,South,30.69
ORD-104374,2023-08-22,CUST-1483,T-Shirt,Clothing,5,123.39,West,33.89
ORD-101365,2023-03-05,CUST-1226,T-Shirt,Clothing,1,22.69,East,7.34
ORD-101269,2023-02-11,CUST-1165,T-Shirt,Clothing,1,26.71,Central,7.39
ORD-101593,2023-07-09,CUST-1383,Office Chair,Furniture,3,510.23,North,76.79
ORD-101787,2023-11-06,CUST-1361,Jeans,Clothing,1,49.81,Central,17.31
ORD-104945,2023-05-10,CUST-0964,Mouse,Office Supplies,3,61.84,Central,16.79
ORD-104530,2023-02-26,CUST-0254,Keyboard,Office Supplies,5,214.47,Central,57.6
ORD-101663,2023-04-19,CUST-0067,Headphones,Electronics,3,270.59,West,67.26
ORD-104093,2023-05-20,CUST-1204,Smartphone,Electronics,3,1876.69,West,178.53
ORD-100275,2023-01-15,CUST-0749,Office Chair,Furniture,4,775.01,South,80.77
ORD-101339,2023-10-31,CUST-0388,Office Chair,Furniture,2,331.24,East,35.24
ORD-100951,2023-02-16,CUST-0355,Headphones,Electronics,1,90.34,East,13.98
ORD-104233,2023-05-20,CUST-0406,Keyboard,Office Supplies,2,96.95,North,24.08
ORD-100575,2023-07-22,CUST-0771,T-Shirt,Clothing,4,96.17,North,40.27
ORD-101777,2023-11-04,CUST-1321,Desk,Furniture,3,947.44,South,78.71
ORD-104688,2023-05-12,CUST-0058,Mouse,Office Supplies,4,74.12,South,21.74
ORD-100174,2023-12-27,CUST-0572,Smartphone,Electronics,3,1640.0,North,369.73
ORD-101546,2023-12-25,CUST-1411,Headphones,Electronics,4,346.08,Central,96.76
ORD-104990,2023-09-03,CUST-1357,Laptop,Electronics,1,906.43,North,159.89
ORD-103324,2023-04-30,CUST-0087,Jeans,Clothing,4,213.58,Central,55.57
ORD-102096,2023-04-26,CUST-0440,Laptop,Electronics,1,866.36,North,111.54
ORD-101550,2023-05-14,CUST-0851,Smartphone,Electronics,5,2837.66,East,545.61
ORD-104244,2023-04-17,CUST-0418,Keyboard,Office Supplies,1,45.89,South,14.55
ORD-101722,2023-07-28,CUST-0463,Keyboard,Office Supplies,5,220.23,West,57.49
ORD-101966,2023-08-12,CUST-0010,Keyboard,Office Supplies,5,219.84,South,70.3
ORD-100000,2023-05-04,CUST-1089,Keyboard,Office Supplies,5,218.14,Central,38.6
ORD-102715,2023-12-11,CUST-1367,Headphones,Electronics,2,186.27,North,56.96
ORD-102897,2023-09-07,CUST-0752,Smartphone,Electronics,5,2789.54,West,468.1
ORD-102248,2023-12-27,CUST-0729,Office Chair,Furniture,5,874.42,West,26.29
ORD-104968,2023-05-19,CUST-0642,Laptop,Electronics,5,4669.9,Central,891.66
ORD-104642,2023-09-23,CUST-1422,T-Shirt,Clothing,3,71.14,West,18.87
ORD-101506,2023-05-02,CUST-0307,Keyboard,Office Supplies,1,43.04,West,7.63
ORD-100690,2023-05-18,CUST-0934,Headphones,Electronics,3,247.64,South,50.19
ORD-101520,2023-09-06,CUST-1088,Monitor,Electronics,1,267.59,Central,40.04
ORD-104209,2023-04-09,CUST-1437,Smartphone,Electronics,5,3275.78,North,665.61
ORD-101177,2023-06-28,CUST-0879,Office Chair,Furniture,5,932.89,Central,115.51
ORD-103850,2023-03-23,CUST-0583,Office Chair,Furniture,5,863.32,North,140.6
ORD-103769,2023-12-09,CUST-0723,Jeans,Clothing,1,59.07,East,11.61
ORD-101416,2023-10-11,CUST-0142,T-Shirt,Clothing,1,24.9,West,8.08
ORD-102176,2023-11-07,CUST-0295,Office Chair,Furniture,5,919.26,West,105.22
ORD-104301,2023-07-23,CUST-0448,Keyboard,Office Supplies,3,146.09,North,37.96
ORD-100855,2023-10-26,CUST-1130,Desk,Furniture,1,345.68,East,47.64
ORD-104091,2023-12-18,CUST-0779,Keyboard,Office Supplies,3,136.31,East,31.67
ORD-100448,2023-06-06,CUST-0868,Laptop,Electronics,1,976.25,East,102.43
ORD-104906,2023-02-07,CUST-0939,Mouse,Office Supplies,1,20.48,West,5.1
ORD-103274,2023-12-05,CUST-0247,Keyboard,Office Supplies,3,127.92,North,32.22
ORD-104248,2023-03-21,CUST-0653,Smartphone,Electronics,5,3129.32,East,520.31
ORD-101218,2023-04-18,CUST-0513,Jeans,Clothing,4,226.13,North,74.62
ORD-102115,2023-07-28,CUST-0345,Printer,Office Supplies,5,798.63,West,146.46
ORD-103360,2023-08-03,CUST-0079,Monitor,Electronics,1,255.14,North,36.21
ORD-100804,2023-08-17,CUST-0004,Smartphone,Electronics,3,1885.14,East,296.94
ORD-103269,2023-10-17,CUST-1448,Smartphone,Electronics,4,2486.22,West,372.42
ORD-100664,2023-04-14,CUST-1018,Monitor,Electronics,1,234.09,North,31.3
ORD-103303,2023-12-28,CUST-0288,Notebook Pack,Others,3,36.0,North,12.32
ORD-103407,2023-02-14,CUST-0064,Headphones,Electronics,4,356.7,East,61.34
ORD-103482,2023-02-19,CUST-1174,Mouse,Office Supplies,2,39.6,East,8.95
ORD-102723,2023-08-22,CUST-0307,Office Chair,Furniture,5,864.68,South,129.35
ORD-102546,2023-10-27,CUST-0249,Notebook Pack,Others,5,56.32,South,19.43
ORD-101168,2023-09-27,CUST-0687,Mouse,Office Supplies,1,19.04,West,4.75
ORD-103957,2023-10-14,CUST-1074,Notebook Pack,Others,1,10.83,North,3.7
ORD-101930,2023-03-23,CUST-0517,Jeans,Clothing,1,59.35,East,14.53
ORD-102402,2023-06-04,CUST-1181,Keyboard,Office Supplies,2,89.84,East,24.8
ORD-103821,2023-09-30,CUST-0245,Jeans,Clothing,2,112.91,North,29.3
ORD-103159,2023-12-17,CUST-0988,Monitor,Electronics,3,735.09,South,80.93
ORD-102230,2023-01-27,CUST-1037,Monitor,Electronics,1,234.26,East,32.29
ORD-101611,2023-09-23,CUST-0717,Keyboard,Office Supplies,2,87.17,North,20.71
ORD-103820,2023-06-09,CUST-1490,Keyboard,Office Supplies,1,42.97,East,10.95
ORD-100239,2023-07-04,CUST-0479,Smartphone,Electronics,5,2870.6,West,406.24
ORD-104395,2023-11-19,CUST-0623,Desk,Furniture,5,1664.99,North,161.59
ORD-101257,2023-01-22,CUST-1025,Mouse,Office Supplies,3,55.05,Central,14.97
ORD-102582,2023-11-25,CUST-1077,Laptop,Electronics,4,3530.75,West,576.77
ORD-103410,2023-11-22,CUST-0050,Jeans,Clothing,1,58.34,West,17.61
ORD-104683,2023-04-15,CUST-1083,Keyboard,Office Supplies,3,127.23,West,33.11
ORD-100975,2023-02-22,CUST-0242,Jeans,Clothing,1,56.39,West,11.28
ORD-102213,2023-12-24,CUST-1263,T-Shirt,Clothing,1,27.23,South,6.5
ORD-104684,2023-08-19,CUST-0030,Notebook Pack,Others,5,58.96,West,19.47
ORD-103098,2023-12-12,CUST-1429,Headphones,Electronics,1,95.07,North,20.92
ORD-103961,2023-12-20,CUST-1367,Smartphone,Electronics,4,2235.41,West,582.48
ORD-104679,2023-11-26,CUST-1342,Mouse,Office Supplies,1,19.15,Central,5.07
ORD-103758,2023-12-21,CUST-0131,Printer,Office Supplies,1,142.8,South,14.15
ORD-101618,2023-05-04,CUST-0609,Notebook Pack,Others,3,36.88,South,11.14
ORD-102867,2023-12-01,CUST-1048,T-Shirt,Clothing,3,70.42,West,24.6
ORD-102568,2023-12-30,CUST-0613,Jeans,Clothing,2,101.94,North,28.76
ORD-101020,2023-06-15,CUST-0518,Printer,Office Supplies,5,702.15,Central,73.02
ORD-103922,2023-05-02,CUST-0072,Monitor,Electronics,4,1081.25,South,209.37
ORD-101924,2023-12-26,CUST-0714,Headphones,Electronics,3,282.05,North,62.8
ORD-104422,2023-12-24,CUST-1453,Jeans,Clothing,5,297.76,North,72.81
ORD-101449,2023-10-20,CUST-0163,Smartphone,Electronics,3,1721.34,South,360.46
ORD-101833,2023-10-19,CUST-1145,Smartphone,Electronics,5,3194.42,Central,547.42
ORD-100775,2023-03-11,CUST-0070,Mouse,Office Supplies,2,42.77,North,14.5
ORD-101087,2023-08-07,CUST-0729,Keyboard,Office Supplies,4,162.21,South,39.19
ORD-101604,2023-09-08,CUST-0105,Headphones,Electronics,5,461.29,East,89.38
ORD-102656,2023-04-06,CUST-0363,Office Chair,Furniture,2,366.62,Central,63.6
ORD-103641,2023-08-29,CUST-1431,Laptop,Electronics,3,2469.06,South,442.3
ORD-102157,2023-01-26,CUST-1429,Headphones,Electronics,5,487.61,North,103.7
ORD-104334,2023-08-29,CUST-1158,Mouse,Office Supplies,5,105.68,North,34.38
ORD-100342,2023-11-02,CUST-1313,Mouse,Office Supplies,3,60.56,North,21.19
ORD-102974,2023-01-06,CUST-0035,T-Shirt,Clothing,1,27.1,West,9.77
ORD-104574,2023-12-09,CUST-0529,Mouse,Office Supplies,1,21.47,West,6.49
ORD-103416,2023-08-02,CUST-1294,Jeans,Clothing,1,52.43,Central,15.98
ORD-103970,2023-12-26,CUST-1437,Notebook Pack,Others,2,23.74,East,9.41
ORD-103144,2023-11-25,CUST-0590,Mouse,Office Supplies,4,84.65,North,24.66
ORD-102019,2023-11-09,CUST-0668,Office Chair,Furniture,5,874.48,South,139.73
ORD-100039,2023-06-09,CUST-1015,Jeans,Clothing,2,116.6,Central,32.3
ORD-101626,2023-07-05,CUST-1311,Office Chair,Furniture,3,514.31,North,94.96
ORD-101403,2023-02-05,CUST-1145,Monitor,Electronics,1,252.9,Unknown,38.11
ORD-102552,2023-08-30,CUST-1191,Jeans,Clothing,2,106.98,West,30.51
ORD-101384,2023-03-30,CUST-1035,Notebook Pack,Others,4,47.61,South,18.21
ORD-100358,2023-12-21,CUST-0732,T-Shirt,Clothing,3,77.54,West,21.93
ORD-101188,2023-11-30,CUST-0583,Smartphone,Electronics,3,1961.45,East,285.27
ORD-100283,2023-07-25,CUST-1173,Headphones,Electronics,3,287.01,Central,68.5
ORD-104498,2023-12-22,CUST-0837,Mouse,Office Supplies,5,94.54,Central,21.95
ORD-104969,2023-04-18,CUST-0912,Jeans,Clothing,5,259.67,North,75.23
ORD-100458,2023-02-03,CUST-0500,Keyboard,Office Supplies,5,218.59,North,51.03
ORD-100310,2023-05-10,CUST-1042,T-Shirt,Clothing,1,25.49,South,8.09
ORD-104465,2023-03-13,CUST-0235,Smartphone,Electronics,1,656.04,South,49.17
ORD-104666,2023-04-15,CUST-0561,Mouse,Office Supplies,1,21.75,East,6.04
ORD-103313,2023-08-07,Unknown,Jeans,Clothing,4,207.13,North,60.47
ORD-100868,2023-05-15,CUST-1446,Smartphone,Electronics,1,587.41,North,138.53
ORD-104892,2023-10-04,CUST-0980,Desk,Furniture,2,682.26,West,127.04
ORD-101007,2023-08-17,CUST-1320,Monitor,Electronics,3,711.74,West,135.41
ORD-101066,2023-11-02,CUST-0266,Office Chair,Furniture,5,839.66,Central,153.01
ORD-102003,2023-02-13,CUST-0899,Jeans,Clothing,2,120.05,Central,36.38
ORD-102522,2023-06-14,CUST-0080,Office Chair,Furniture,2,368.75,North,67.33
ORD-104926,2023-08-04,CUST-0666,Headphones,Electronics,3,276.36,West,53.22
ORD-101818,2023-10-07,CUST-1019,T-Shirt,Clothing,2,54.04,East,17.37
ORD-101504,2023-04-17,CUST-0288,Mouse,Office Supplies,3,59.35,Central,16.59
ORD-104285,2023-10-07,CUST-0704,Smartphone,Electronics,4,2570.08,East,600.97
ORD-104428,2023-07-17,CUST-1437,Headphones,Electronics,1,90.34,Central,17.29
ORD-101006,2023-06-20,CUST-0839,Printer,Office Supplies,2,317.31,North,34.86
ORD-101466,2023-10-07,CUST-0396,Desk,Furniture,3,997.29,Central,112.59
ORD-104863,2023-08-25,CUST-1111,Keyboard,Office Supplies,1,49.24,West,10.25
ORD-103376,2023-05-10,CUST-1202,Laptop,Electronics,5,4658.57,West,959.79
ORD-102235,2023-02-18,CUST-0196,Mouse,Office Supplies,5,91.4,West,23.91
ORD-102883,2023-11-29,CUST-0018,Monitor,Electronics,2,450.28,North,60.78
ORD-104737,2023-11-30,CUST-0188,Laptop,Electronics,3,2945.4,East,362.17
ORD-100423,2023-03-31,CUST-1141,Laptop,Electronics,2,1625.36,North,277.16
ORD-102360,2023-01-09,CUST-0256,Mouse,Office Supplies,1,21.78,Central,7.34
ORD-103806,2023-11-03,CUST-1046,Jeans,Clothing,2,116.9,West,31.21
ORD-104553,2023-05-24,CUST-0781,Jeans,Clothing,4,205.45,North,67.83
ORD-103827,2023-09-28,CUST-0745,Monitor,Electronics,4,980.57,West,165.98
ORD-103237,2023-03-31,CUST-0774,Headphones,Electronics,4,370.17,North,80.68
ORD-100158,2023-11-30,CUST-1472,Keyboard,Office Supplies,1,46.16,North,11.73
ORD-101578,2023-12-31,CUST-1377,Notebook Pack,Others,5,59.49,South,22.72
ORD-104825,2023-02-04,CUST-1075,Office Chair,Furniture,4,731.93,Central,133.12
ORD-103888,2023-12-17,CUST-1488,Printer,Office Supplies,2,311.18,Central,9.55
ORD-103812,2023-04-08,CUST-0817,T-Shirt,Clothing,4,108.06,South,32.03
ORD-100302,2023-02-23,CUST-1442,T-Shirt,Clothing,4,106.19,East,30.93
ORD-101040,2023-08-20,CUST-0200,Laptop,Electronics,1,983.02,West,179.29
ORD-101159,2023-10-02,CUST-1443,Keyboard,Office Supplies,5,245.69,East,72.83
ORD-103044,2023-05-11,CUST-0036,Keyboard,Office Supplies,2,97.18,North,19.06
ORD-101535,2023-08-13,CUST-1069,T-Shirt,Clothing,3,69.97,North,21.27
ORD-103837,2023-04-13,CUST-0647,Laptop,Electronics,3,2709.49,East,563.13
ORD-102894,2023-07-06,CUST-1494,Notebook Pack,Others,4,44.88,South,16.4
ORD-104222,2023-07-25,CUST-0744,Monitor,Electronics,2,484.63,North,68.32
ORD-101828,2023-08-17,CUST-0643,Printer,Office Supplies,4,631.51,South,72.63
ORD-103766,2023-02-04,CUST-0418,T-Shirt,Clothing,3,70.67,North,23.97
ORD-100755,2023-09-21,CUST-0731,Headphones,Electronics,1,85.78,South,19.96
ORD-100471,2023-08-17,CUST-1061,T-Shirt,Clothing,5,122.54,Central,45.41
ORD-100315,2023-08-04,CUST-1011,Monitor,Electronics,4,1008.61,South,175.58
ORD-100108,2023-07-16,CUST-0241,Laptop,Electronics,3,2680.75,East,296.49
ORD-100461,2023-10-20,CUST-1268,Smartphone,Electronics,5,3036.62,North,427.7
ORD-102825,2023-06-08,CUST-1040,Keyboard,Office Supplies,5,242.82,North,55.08
ORD-101689,2023-06-18,CUST-1240,Office Chair,Furniture,1,188.08,East,20.84
ORD-101831,2023-08-06,CUST-1185,Notebook Pack,Others,2,24.91,North,9.31
ORD-100945,2023-12-11,CUST-0014,Headphones,Electronics,5,423.82,North,102.47
ORD-102862,2023-08-05,CUST-0530,Monitor,Electronics,5,1127.22,Central,258.52
ORD-101229,2023-08-17,CUST-0465,Laptop,Electronics,1,973.85,Central,221.58
ORD-100077,2023-11-19,CUST-0465,Jeans,Clothing,5,286.86,West,81.26
ORD-104079,2023-12-05,CUST-0842,Desk,Furniture,4,1247.64,East,131.68
ORD-101202,2023-05-31,CUST-0380,Mouse,Office Supplies,4,76.93,East,14.2
ORD-100566,2023-03-07,CUST-0258,Keyboard,Office Supplies,3,140.97,North,36.33
ORD-103649,2023-07-29,CUST-1026,Mouse,Office Supplies,3,56.27,South,12.87
ORD-104645,2023-05-24,CUST-0706,Notebook Pack,Others,2,24.82,North,7.3
ORD-101279,2023-07-25,CUST-0124,T-Shirt,Clothing,5,113.76,South,31.27
ORD-103690,2023-10-15,CUST-1186,Laptop,Electronics,5,4301.92,Central,552.45
ORD-103111,2023-05-20,CUST-0397,Headphones,Electronics,1,97.97,Central,24.78
ORD-100874,2023-06-24,CUST-0754,Keyboard,Office Supplies,2,98.38,North,25.78
ORD-104154,2023-06-15,CUST-0092,T-Shirt,Clothing,5,137.19,East,43.58
ORD-103993,2023-09-26,CUST-1049,Monitor,Electronics,5,1327.57,South,78.98
ORD-103863,2023-09-21,CUST-1374,Monitor,Electronics,4,1071.07,West,219.92
ORD-104539,2023-05-11,CUST-1302,Office Chair,Furniture,2,365.37,North,29.92
ORD-100313,2023-04-29,CUST-1449,Office Chair,Furniture,1,188.51,South,24.85
ORD-102419,2023-11-05,CUST-0907,Printer,Office Supplies,1,151.32,North,18.91
ORD-101156,2023-03-26,CUST-0205,Laptop,Electronics,5,4278.6,South,868.12
ORD-103944,2023-09-14,CUST-0186,Smartphone,Electronics,3,1760.92,North,385.63
ORD-102746,2023-04-28,CUST-0603,Headphones,Electronics,4,390.37,Central,80.09
ORD-102095,2023-02-05,CUST-0007,Monitor,Electronics,2,524.37,West,79.97
ORD-104048,2023-08-06,CUST-1016,Office Chair,Furniture,1,173.83,West,19.29
ORD-100167,2023-01-19,CUST-0035,Mouse,Office Supplies,4,82.41,South,23.11
ORD-102401,2023-07-04,CUST-1290,Mouse,Office Supplies,5,105.27,West,34.09
ORD-104213,2023-08-23,Unknown,Smartphone,Electronics,2,1199.9,West,174.21
ORD-100637,2023-05-29,Unknown,Keyboard,Office Supplies,2,85.41,Central,20.91
ORD-103573,2023-06-15,CUST-0170,Desk,Furniture,3,994.49,North,156.82
ORD-100743,2023-12-30,CUST-0442,Laptop,Electronics,1,919.73,West,130.71
ORD-101935,2023-04-15,CUST-0541,Smartphone,Electronics,4,2445.95,East,503.24
ORD-104299,2023-08-08,CUST-0291,Jeans,Clothing,4,236.82,South,62.06
ORD-101425,2023-12-25,CUST-1271,Office Chair,Furniture,3,499.69,South,108.2
ORD-100557,2023-03-06,CUST-0175,T-Shirt,Clothing,3,71.23,South,22.73
ORD-100438,2023-01-26,CUST-1293,Keyboard,Office Supplies,3,147.25,East,31.69
ORD-100654,2023-04-03,CUST-1307,Mouse,Office Supplies,5,90.68,Central,23.58
ORD-100427,2023-11-29,CUST-1053,Mouse,Office Supplies,3,62.66,East,16.02
ORD-103051,2023-12-31,CUST-0905,Smartphone,Electronics,2,1143.08,Central,223.61
ORD-104732,2023-12-15,CUST-0662,Monitor,Electronics,3,722.2,North,89.7
ORD-100984,2023-11-20,CUST-0877,Smartphone,Electronics,3,1714.38,South,303.04
ORD-100869,2023-09-25,CUST-0329,Headphones,Electronics,5,487.38,East,139.59
ORD-103387,2023-10-26,CUST-0655,Notebook Pack,Others,5,57.69,West,17.45
ORD-101044,2023-03-20,CUST-1073,Laptop,Electronics,5,4768.28,North,444.77
ORD-101565,2023-06-19,CUST-1496,Desk,Furniture,5,1657.13,Central,229.3
ORD-103937,2023-08-07,CUST-0572,Jeans,Clothing,2,118.07,North,32.35
ORD-103836,2023-02-02,CUST-0821,Jeans,Clothing,4,201.03,South,71.72
ORD-102145,2023-01-05,CUST-1411,Printer,Office Supplies,5,815.37,South,48.29
ORD-103840,2023-08-10,CUST-0281,Jeans,Clothing,1,57.05,South,17.1
ORD-101143,2023-01-07,CUST-0715,Mouse,Office Supplies,1,21.98,East,6.52
ORD-102946,2023-09-06,CUST-0150,Monitor,Electronics,2,484.13,East,81.78
ORD-102824,2023-07-12,CUST-1037,Notebook Pack,Others,1,12.11,North,3.85
ORD-103528,2023-08-29,CUST-0698,Mouse,Office Supplies,3,61.6,North,16.22
ORD-100240,2023-09-12,CUST-1219,Mouse,Office Supplies,4,81.66,South,22.82
ORD-102373,2023-09-20,CUST-1279,Headphones,Electronics,3,269.82,East,58.12
ORD-101808,2023-10-28,CUST-1023,Office Chair,Furniture,3,557.17,East,92.39
ORD-102066,2023-04-11,CUST-0172,T-Shirt,Clothing,5,119.9,North,34.52
ORD-103334,2023-12-14,CUST-1306,Office Chair,Furniture,4,685.41,South,132.69
ORD-103737,2023-08-25,Unknown,Keyboard,Office Supplies,5,233.61,West,63.23
ORD-104713,2023-09-16,CUST-1131,Printer,Office Supplies,4,569.0,North,68.01
ORD-104932,2023-09-06,CUST-1425,Mouse,Office Supplies,5,91.84,North,35.51
ORD-101359,2023-05-16,CUST-0114,Smartphone,Electronics,5,3253.67,North,567.57
ORD-103978,2023-07-28,CUST-1110,T-Shirt,Clothing,4,92.44,East,29.65
ORD-100613,2023-12-31,CUST-0592,Notebook Pack,Others,5,54.38,Central,21.18
ORD-103332,2023-10-16,CUST-1000,Laptop,Electronics,5,4363.97,West,942.71
ORD-101369,2023-06-03,CUST-1308,Monitor,Electronics,3,716.62,West,101.18
ORD-102629,2023-09-10,CUST-1029,Headphones,Electronics,3,285.75,East,62.61
ORD-103901,2023-08-06,CUST-1032,Mouse,Office Supplies,4,76.03,East,21.86
ORD-103082,2023-03-09,CUST-0597,Jeans,Clothing,3,180.2,West,51.9
ORD-101702,2023-11-06,CUST-1038,Monitor,Electronics,5,1150.21,West,193.84
ORD-102800,2023-11-17,CUST-0562,Notebook Pack,Others,4,48.76,North,17.56
ORD-104394,2023-05-28,CUST-1402,Office Chair,Furniture,4,707.32,East,76.34
ORD-101192,2023-09-05,CUST-1183,Mouse,Office Supplies,1,21.96,North,6.56
ORD-100900,2023-01-24,CUST-0667,Desk,Furniture,5,1484.01,North,158.75
ORD-101294,2023-10-28,CUST-1106,Monitor,Electronics,1,246.46,East,38.36
ORD-100844,2023-10-06,CUST-1214,Laptop,Electronics,3,2931.58,Central,447.68
ORD-102599,2023-12-19,CUST-0788,Notebook Pack,Others,4,47.76,West,16.69
ORD-103248,2023-08-14,CUST-0460,Mouse,Office Supplies,2,43.41,West,11.82
ORD-102576,2023-04-09,CUST-1008,Keyboard,Office Supplies,2,96.26,North,22.78
ORD-102329,2023-11-22,CUST-1495,T-Shirt,Clothing,4,92.54,Central,27.43
ORD-100573,2023-10-14,CUST-1456,Keyboard,Office Supplies,4,189.07,South,40.98
ORD-103145,2023-08-24,CUST-0120,Jeans,Clothing,3,157.71,South,42.99
ORD-100295,2023-06-26,CUST-0939,Printer,Office Supplies,2,281.3,South,13.07
ORD-102802,2023-04-25,CUST-0645,Laptop,Electronics,1,886.7,North,115.57
ORD-101032,2023-08-15,CUST-1173,T-Shirt,Clothing,5,115.25,North,32.79
ORD-103475,2023-08-06,CUST-1004,Desk,Furniture,3,909.92,South,106.24
ORD-104332,2023-05-05,CUST-1067,Laptop,Electronics,2,1881.39,East,344.01
ORD-101491,2023-01-25,CUST-0525,Mouse,Office Supplies,5,90.92,West,24.02
ORD-100494,2023-06-02,CUST-1004,Mouse,Office Supplies,5,95.96,South,28.96
ORD-104897,2023-06-22,CUST-0927,T-Shirt,Clothing,5,125.68,North,40.42
ORD-100377,2023-11-23,CUST-0315,Desk,Furniture,1,290.33,East,45.07
ORD-102191,2023-05-17,CUST-1334,T-Shirt,Clothing,3,75.21,West,19.81
ORD-100683,2023-01-16,Unknown,Desk,Furniture,3,1017.94,West,110.17
ORD-102042,2023-07-08,CUST-1315,Jeans,Clothing,5,255.26,South,59.83
ORD-101825,2023-07-13,CUST-1403,Laptop,Electronics,4,3637.68,West,573.15
ORD-104046,2023-12-05,CUST-0247,Headphones,Electronics,3,274.13,North,58.35
ORD-101464,2023-02-19,CUST-0885,Jeans,Clothing,4,211.83,North,62.62
ORD-100162,2023-06-01,CUST-0739,Headphones,Electronics,2,188.69,South,49.95
ORD-100910,2023-08-13,CUST-0414,Keyboard,Office Supplies,5,244.93,North,58.05
ORD-104708,2023-02-12,CUST-0601,Smartphone,Electronics,3,1738.96,North,294.54
ORD-101108,2023-03-25,CUST-0178,Notebook Pack,Others,4,51.55,South,20.22
ORD-104364,2023-05-21,CUST-0662,Keyboard,Office Supplies,3,124.0,South,34.36
ORD-100843,2023-06-28,CUST-0470,Office Chair,Furniture,5,825.04,North,146.39
ORD-102181,2023-01-25,CUST-0398,Notebook Pack,Others,1,11.55,South,4.33
ORD-103783,2023-04-28,CUST-0282,Headphones,Electronics,3,246.0,East,42.02
ORD-100053,2023-06-08,CUST-0225,Jeans,Clothing,4,222.83,East,74.57
ORD-102687,2023-06-14,CUST-0906,Jeans,Clothing,4,208.78,East,48.43
ORD-101687,2023-07-27,CUST-1061,T-Shirt,Clothing,1,23.85,South,7.85
ORD-101770,2023-05-19,CUST-0932,T-Shirt,Clothing,2,54.98,West,16.21
ORD-102352,2023-07-12,CUST-0400,Headphones,Electronics,4,362.49,West,82.32
ORD-104231,2023-11-24,CUST-0683,Laptop,Electronics,1,947.4,South,110.1
ORD-103028,2023-03-16,CUST-0861,Jeans,Clothing,4,222.56,South,65.92
ORD-103063,2023-12-29,CUST-0186,Mouse,Office Supplies,4,78.34,North,21.03
ORD-101841,2023-06-19,CUST-0711,T-Shirt,Clothing,2,49.03,Central,16.54
ORD-103800,2023-05-30,CUST-0047,Laptop,Electronics,2,1695.54,East,232.56
ORD-101893,2023-01-21,CUST-0247,Laptop,Electronics,5,4235.68,Central,721.79
ORD-101503,2023-05-20,CUST-0454,Office Chair,Furniture,1,188.25,South,14.27
ORD-104886,2023-09-25,CUST-0149,Smartphone,Electronics,4,2308.33,North,414.79
ORD-103053,2023-04-21,CUST-0592,Keyboard,Office Supplies,3,122.02,East,34.34
ORD-104344,2023-03-01,CUST-0332,Keyboard,Office Supplies,2,92.65,Central,22.23
ORD-104012,2023-11-02,CUST-1027,Printer,Office Supplies,4,610.49,North,54.34
ORD-103005,2023-07-31,CUST-1009,Keyboard,Office Supplies,4,189.45,Central,51.39
ORD-104147,2023-07-13,CUST-1300,Keyboard,Office Supplies,2,96.34,Central,22.83
ORD-100796,2023-05-17,CUST-0151,Laptop,Electronics,1,818.1,Central,164.27
ORD-100819,2023-10-26,CUST-1313,Headphones,Electronics,1,94.1,East,19.53
ORD-102101,2023-06-07,CUST-0028,Smartphone,Electronics,1,618.07,East,93.49
ORD-101648,2023-06-15,CUST-0947,Printer,Office Supplies,2,320.13,North,45.82
ORD-100993,2023-12-18,CUST-1283,Headphones,Electronics,5,458.82,North,117.85
ORD-102495,2023-12-18,CUST-1377,T-Shirt,Clothing,3,71.43,East,21.29
ORD-104404,2023-11-17,CUST-0923,Desk,Furniture,3,968.64,South,120.0
ORD-102714,2023-06-03,CUST-1368,Mouse,Office Supplies,5,102.43,North,29.31
ORD-100676,2023-04-09,CUST-1172,Printer,Office Supplies,4,637.22,East,95.8
ORD-104976,2023-06-21,CUST-1324,Desk,Furniture,5,1666.86,South,181.64
ORD-104622,2023-07-23,CUST-0220,Jeans,Clothing,3,175.62,West,38.42
ORD-104365,2023-09-09,CUST-0278,Smartphone,Electronics,5,3219.76,East,667.27
ORD-101656,2023-05-06,CUST-1356,Headphones,Electronics,5,441.67,South,115.44
ORD-101322,2023-07-11,CUST-0581,Laptop,Electronics,4,3609.51,North,526.61
ORD-103569,2023-08-28,CUST-0526,Monitor,Electronics,3,748.12,North,158.86
ORD-100212,2023-11-10,CUST-0735,Smartphone,Electronics,3,1803.42,West,277.66
ORD-104343,2023-07-19,CUST-0604,Headphones,Electronics,1,96.58,West,20.76
ORD-102390,2023-02-08,CUST-0920,T-Shirt,Clothing,1,25.23,East,7.05
ORD-102118,2023-02-09,CUST-1212,Smartphone,Electronics,2,1311.34,West,174.78
ORD-103874,2023-11-18,CUST-0088,Notebook Pack,Others,4,43.95,West,13.75
ORD-102241,2023-01-21,CUST-0897,Laptop,Electronics,4,3676.1,South,589.86
ORD-101598,2023-07-28,CUST-0239,Mouse,Office Supplies,3,64.14,East,15.23
ORD-100426,2023-10-06,CUST-0866,Headphones,Electronics,3,290.54,West,63.02
ORD-100169,2023-12-07,CUST-0495,Notebook Pack,Others,4,49.61,West,19.24
ORD-100948,2023-11-30,CUST-1315,Mouse,Office Supplies,5,94.93,Central,25.66
ORD-103318,2023-04-02,CUST-0464,Laptop,Electronics,5,4365.26,West,787.36
ORD-103239,2023-04-08,CUST-1181,Monitor,Electronics,2,452.82,East,86.91
ORD-103718,2023-03-22,CUST-0731,Printer,Office Supplies,2,280.8,South,33.03
ORD-103764,2023-06-25,CUST-0950,Laptop,Electronics,4,3547.32,North,599.86
ORD-104484,2023-06-18,CUST-0433,Mouse,Office Supplies,5,96.36,East,21.28
ORD-104898,2023-05-05,CUST-0899,Mouse,Office Supplies,1,18.24,West,3.99
ORD-100766,2023-12-14,CUST-1250,Smartphone,Electronics,3,1622.11,South,303.68
ORD-103852,2023-05-05,CUST-0889,Office Chair,Furniture,4,740.41,East,54.24
ORD-101812,2023-07-23,CUST-0322,Keyboard,Office Supplies,3,144.34,North,42.54
ORD-103658,2023-02-03,CUST-1032,Mouse,Office Supplies,5,97.14,South,21.2
ORD-100814,2023-02-28,CUST-0992,Smartphone,Electronics,4,2204.69,Central,341.28
ORD-104578,2023-11-12,CUST-0769,T-Shirt,Clothing,3,68.4,South,19.76
ORD-104621,2023-05-22,CUST-0292,Notebook Pack,Others,5,62.58,South,23.02
ORD-104789,2023-11-09,CUST-0229,Jeans,Clothing,3,164.31,North,39.91
ORD-103996,2023-11-21,CUST-0787,Laptop,Electronics,3,2686.32,West,395.4
ORD-103726,2023-02-01,CUST-0412,Notebook Pack,Others,2,24.98,East,8.79
ORD-101795,2023-11-03,CUST-0952,Monitor,Electronics,2,507.22,North,101.59
ORD-103699,2023-12-15,CUST-0625,Office Chair,Furniture,5,885.31,South,155.47
ORD-101179,2023-08-13,CUST-0645,Headphones,Electronics,5,489.02,East,126.04
ORD-104919,2023-08-27,CUST-1042,Office Chair,Furniture,2,391.57,Central,65.9
ORD-100998,2023-07-21,CUST-1336,Notebook Pack,Others,4,50.39,East,18.34
ORD-103255,2023-08-01,CUST-0054,Mouse,Office Supplies,3,57.65,East,12.39
ORD-104464,2023-10-08,CUST-1200,Smartphone,Electronics,5,2761.87,South,535.38
ORD-103321,2023-05-02,CUST-0159,Desk,Furniture,3,979.16,West,112.47
ORD-103848,2023-07-20,CUST-1398,Headphones,Electronics,5,490.82,North,103.69
ORD-103327,2023-11-07,CUST-1369,Mouse,Office Supplies,4,80.9,North,21.23
ORD-103452,2023-04-27,CUST-1463,Laptop,Electronics,4,3697.12,North,974.85
ORD-102381,2023-11-03,CUST-0133,Headphones,Electronics,1,89.75,North,21.39
ORD-102281,2023-03-11,CUST-0401,Smartphone,Electronics,1,651.79,East,92.98
ORD-104265,2023-02-17,CUST-0284,T-Shirt,Clothing,5,135.53,Central,43.23
ORD-101458,2023-04-24,CUST-0105,Notebook Pack,Others,1,12.93,North,5.24
ORD-100134,2023-01-16,CUST-1033,T-Shirt,Clothing,4,101.24,West,38.62
ORD-101191,2023-08-20,CUST-1469,Office Chair,Furniture,3,491.84,North,84.18
ORD-100470,2023-08-05,CUST-0107,Office Chair,Furniture,5,850.15,Central,86.21
ORD-102189,2023-12-21,CUST-0518,Printer,Office Supplies,4,556.37,North,6.93
ORD-102312,2023-07-20,CUST-0824,Office Chair,Furniture,3,507.08,Central,54.71
ORD-103847,2023-07-05,CUST-1193,Keyboard,Office Supplies,5,242.91,North,71.29
ORD-102427,2023-08-07,CUST-1086,Keyboard,Office Supplies,2,81.37,North,20.72
ORD-100147,2023-07-04,CUST-0924,T-Shirt,Clothing,2,54.61,South,21.76
ORD-103271,2023-04-06,CUST-0417,T-Shirt,Clothing,3,82.36,North,20.58
ORD-101361,2023-11-13,CUST-0827,Office Chair,Furniture,3,519.81,North,95.89
ORD-101961,2023-07-02,CUST-1249,Office Chair,Furniture,2,373.23,South,46.97
ORD-101607,2023-07-25,CUST-1373,Headphones,Electronics,5,430.12,Central,109.13
ORD-102180,2023-09-07,CUST-1413,Keyboard,Office Supplies,4,188.16,North,41.14
ORD-104746,2023-01-26,CUST-0771,Desk,Furniture,5,1645.31,East,252.94
ORD-103359,2023-06-16,CUST-0422,Jeans,Clothing,1,50.82,Central,15.51
ORD-100733,2023-06-06,CUST-0403,Office Chair,Furniture,2,373.97,Central,82.2
ORD-102658,2023-01-25,CUST-1260,Smartphone,Electronics,1,572.1,North,110.95
ORD-104342,2023-04-06,Unknown,T-Shirt,Clothing,4,97.9,East,30.63
ORD-100482,2023-12-22,CUST-1192,T-Shirt,Clothing,5,127.16,East,41.87
ORD-101791,2023-10-11,CUST-0504,Monitor,Electronics,5,1264.79,Central,229.6
ORD-103015,2023-01-18,CUST-1031,Keyboard,Office Supplies,5,229.44,North,43.81
ORD-101069,2023-11-03,CUST-0041,Office Chair,Furniture,1,163.03,North,24.24
ORD-101806,2023-10-13,CUST-0264,Laptop,Electronics,1,922.47,North,77.92
ORD-103565,2023-08-14,CUST-1136,Mouse,Office Supplies,4,81.61,North,25.49
ORD-104229,2023-10-22,CUST-1197,Headphones,Electronics,5,414.39,South,98.98
ORD-104348,2023-11-02,CUST-0179,T-Shirt,Clothing,3,79.7,North,20.95
ORD-103084,2023-02-26,CUST-0096,Keyboard,Office Supplies,4,196.53,East,53.07
ORD-103157,2023-12-20,CUST-1339,Laptop,Electronics,3,2820.12,South,383.66
ORD-100480,2023-04-10,CUST-0944,Office Chair,Furniture,5,827.46,East,107.54
ORD-100818,2023-07-03,CUST-1106,Jeans,Clothing,3,149.34,North,43.78
ORD-104646,2023-12-20,CUST-0485,Printer,Office Supplies,2,322.52,North,31.34
ORD-101215,2023-08-07,CUST-0137,T-Shirt,Clothing,2,51.63,North,17.78
ORD-103617,2023-06-04,CUST-0079,Smartphone,Electronics,3,1831.12,East,354.66
ORD-104747,2023-10-28,CUST-0103,Jeans,Clothing,3,160.77,North,35.98
ORD-103643,2023-12-08,CUST-0664,Smartphone,Electronics,4,2301.09,North,456.29
ORD-104894,2023-05-15,CUST-1460,Keyboard,Office Supplies,3,140.7,North,34.69
ORD-103546,2023-11-29,CUST-0826,T-Shirt,Clothing,1,23.13,North,6.67
ORD-104482,2023-02-07,CUST-0569,Mouse,Office Supplies,1,21.98,West,6.02
ORD-103644,2023-04-28,CUST-0038,Laptop,Electronics,4,3677.93,East,657.8
ORD-101734,2023-06-21,CUST-0495,Mouse,Office Supplies,2,39.12,South,12.87
ORD-104083,2023-03-14,CUST-1461,Monitor,Electronics,5,1182.38,West,216.38
ORD-103027,2023-10-02,CUST-1028,Mouse,Office Supplies,5,93.52,North,25.69
ORD-104260,2023-12-22,CUST-0365,Notebook Pack,Others,4,48.12,North,15.53
ORD-104565,2023-02-27,CUST-0661,Jeans,Clothing,3,168.02,North,46.74
ORD-104274,2023-06-28,CUST-0757,Headphones,Electronics,3,252.96,East,53.45
ORD-102199,2023-02-20,CUST-0269,Jeans,Clothing,4,237.89,East,63.25
ORD-104316,2023-06-14,CUST-1091,Printer,Office Supplies,2,300.34,North,42.8
ORD-102046,2023-08-23,CUST-0786,Desk,Furniture,3,882.2,South,80.06
ORD-101672,2023-11-28,CUST-0722,Keyboard,Office Supplies,5,207.54,South,40.42
ORD-100098,2023-08-22,CUST-0551,Smartphone,Electronics,4,2558.0,North,543.59
ORD-100700,2023-06-23,CUST-0770,Headphones,Electronics,4,389.55,South,81.97
ORD-102351,2023-12-28,Unknown,Mouse,Office Supplies,5,100.98,West,27.53
ORD-103038,2023-05-05,CUST-0828,Smartphone,Electronics,2,1288.65,East,245.86
ORD-100262,2023-12-06,CUST-0373,Monitor,Electronics,4,997.32,East,196.69
ORD-102902,2023-01-20,CUST-0105,Smartphone,Electronics,1,656.2,South,101.48
ORD-100091,2023-12-31,CUST-1216,Keyboard,Office Supplies,4,184.94,West,52.1
ORD-103164,2023-08-11,CUST-0244,T-Shirt,Clothing,4,95.67,East,33.4
ORD-100990,2023-05-10,CUST-0705,Jeans,Clothing,3,155.38,West,47.53
ORD-103947,2023-12-14,CUST-1229,Laptop,Electronics,1,848.42,East,134.59
ORD-100643,2023-08-20,CUST-1095,Headphones,Electronics,2,162.14,Central,31.3
ORD-104357,2023-12-03,CUST-0741,Monitor,Electronics,1,227.1,South,24.61
ORD-103435,2023-11-03,CUST-0839,T-Shirt,Clothing,4,102.22,East,30.42
ORD-101746,2023-06-22,CUST-0339,Keyboard,Office Supplies,4,165.7,South,37.99
ORD-101562,2023-11-11,CUST-0537,Mouse,Office Supplies,1,18.26,North,5.04
ORD-100346,2023-12-11,CUST-0796,Notebook Pack,Others,2,23.64,West,7.74
ORD-104308,2023-11-28,CUST-0840,Notebook Pack,Others,5,60.08,West,21.77
ORD-101707,2023-04-02,CUST-0858,Office Chair,Furniture,4,715.04,North,99.36
ORD-100154,2023-06-23,CUST-0779,Smartphone,Electronics,1,611.95,North,153.93
ORD-101718,2023-12-08,CUST-0982,Jeans,Clothing,3,169.26,South,46.29
ORD-102858,2023-12-05,CUST-1393,Keyboard,Office Supplies,2,82.5,East,23.54
ORD-100003,2023-08-30,CUST-1136,Keyboard,Office Supplies,1,47.76,Central,15.84
ORD-101882,2023-08-17,CUST-0264,Office Chair,Furniture,2,368.49,South,57.56
ORD-102455,2023-04-24,CUST-0468,T-Shirt,Clothing,4,108.43,West,34.81
ORD-101376,2023-12-18,CUST-1115,Jeans,Clothing,4,205.27,West,59.44
ORD-100870,2023-04-08,CUST-1161,Keyboard,Office Supplies,1,42.59,South,13.14
ORD-102929,2023-07-22,CUST-1290,Keyboard,Office Supplies,5,236.81,Central,51.45
ORD-102982,2023-08-27,CUST-1001,Smartphone,Electronics,2,1300.81,East,271.35
ORD-102692,2023-12-19,CUST-1262,Mouse,Office Supplies,2,43.83,North,10.76
ORD-102706,2023-05-24,CUST-1348,Printer,Office Supplies,4,605.33,Central,89.57
ORD-101750,2023-02-10,CUST-0480,Jeans,Clothing,4,206.7,East,41.3
ORD-101346,2023-08-19,CUST-0092,Office Chair,Furniture,1,177.58,South,32.44
ORD-101939,2023-10-19,CUST-0507,Laptop,Electronics,2,1650.47,North,291.59
ORD-101255,2023-10-08,CUST-1242,Mouse,Office Supplies,4,74.26,South,19.47
ORD-101428,2023-08-22,CUST-0350,Keyboard,Office Supplies,1,41.63,East,9.24
ORD-104907,2023-08-09,CUST-0308,Smartphone,Electronics,2,1130.14,Central,213.22
ORD-104942,2023-12-27,CUST-1049,T-Shirt,Clothing,3,69.27,Central,26.62
ORD-100713,2023-08-06,CUST-0105,Printer,Office Supplies,1,156.38,East,25.44
ORD-102720,2023-07-26,CUST-1041,T-Shirt,Clothing,1,26.01,North,5.68
ORD-100555,2023-09-20,CUST-0042,Headphones,Electronics,1,90.34,East,15.24
ORD-100677,2023-10-30,CUST-0430,T-Shirt,Clothing,3,67.73,East,21.02
ORD-101887,2023-10-25,CUST-0487,Smartphone,Electronics,5,3237.42,Central,702.45
ORD-103208,2023-10-28,CUST-1065,Smartphone,Electronics,3,1642.17,North,249.57
ORD-100658,2023-02-23,CUST-0871,T-Shirt,Clothing,3,77.7,North,22.22
ORD-102062,2023-01-18,CUST-0715,T-Shirt,Clothing,3,75.38,West,26.93
ORD-102299,2023-09-25,CUST-1024,Keyboard,Office Supplies,3,122.2,West,32.98
ORD-103568,2023-07-30,CUST-1249,Mouse,Office Supplies,5,106.22,Central,29.04
ORD-104959,2023-11-28,CUST-0807,Keyboard,Office Supplies,4,193.25,North,48.93
ORD-104736,2023-06-10,CUST-0075,Jeans,Clothing,3,169.61,North,43.73
ORD-104874,2023-06-23,CUST-0142,T-Shirt,Clothing,5,115.05,North,38.69
ORD-101745,2023-02-13,CUST-1318,Jeans,Clothing,1,55.91,North,14.89
ORD-103919,2023-11-28,CUST-1227,Desk,Furniture,2,631.55,South,91.33
ORD-100979,2023-09-30,CUST-0179,Smartphone,Electronics,2,1315.16,Central,308.17
ORD-101582,2023-02-12,CUST-0072,Office Chair,Furniture,3,539.83,North,63.29
ORD-101142,2023-10-24,CUST-0536,Mouse,Office Supplies,5,93.99,South,23.82
ORD-103701,2023-12-30,CUST-1139,Headphones,Electronics,1,93.52,North,24.23
ORD-102967,2023-09-26,CUST-1105,Headphones,Electronics,4,363.65,West,91.71
ORD-103158,2023-01-06,CUST-1341,Printer,Office Supplies,2,328.32,South,45.86
ORD-104559,2023-09-28,CUST-1165,Keyboard,Office Supplies,1,40.78,North,11.55
ORD-104129,2023-05-18,CUST-1258,Printer,Office Supplies,4,623.64,North,70.93
ORD-104266,2023-12-26,CUST-1078,Office Chair,Furniture,4,785.2,North,147.63
ORD-101135,2023-02-27,CUST-1167,Monitor,Electronics,5,1302.64,East,223.62
ORD-103696,2023-08-01,CUST-0744,Monitor,Electronics,5,1194.6,South,192.48
ORD-103898,2023-11-02,CUST-1268,Smartphone,Electronics,1,658.76,Central,87.14
ORD-101493,2023-03-08,CUST-0951,Keyboard,Office Supplies,5,232.48,North,76.11
ORD-100767,2023-03-10,CUST-0219,Laptop,Electronics,5,4819.4,South,841.42
ORD-102766,2023-06-07,CUST-0625,Desk,Furniture,4,1252.66,North,93.28
ORD-102688,2023-05-31,CUST-0141,Headphones,Electronics,3,286.28,Central,42.24
ORD-102413,2023-05-25,CUST-0743,T-Shirt,Clothing,1,23.72,East,7.63
ORD-103347,2023-06-08,CUST-0883,T-Shirt,Clothing,3,78.53,South,28.99
ORD-100453,2023-02-20,CUST-1181,Smartphone,Electronics,5,2768.93,North,657.15
ORD-100338,2023-11-18,CUST-0188,Laptop,Electronics,2,1943.87,North,246.88
ORD-104715,2023-02-21,CUST-1010,Smartphone,Electronics,2,1142.01,West,91.04
ORD-101765,2023-10-14,CUST-1415,Laptop,Electronics,2,1977.12,Central,474.71
ORD-102267,2023-04-07,CUST-0292,T-Shirt,Clothing,1,23.91,West,8.72
ORD-101902,2023-03-29,CUST-0789,Mouse,Office Supplies,3,60.38,North,18.8
ORD-100373,2023-01-09,CUST-0791,Monitor,Electronics,4,965.41,North,150.9
ORD-100699,2023-03-16,CUST-0538,Monitor,Electronics,4,923.27,East,229.69
ORD-101673,2023-11-16,CUST-0155,Smartphone,Electronics,1,584.25,Central,115.7
ORD-102298,2023-10-26,CUST-0414,Laptop,Electronics,5,4298.1,East,735.16
ORD-100515,2023-06-04,CUST-0133,Smartphone,Electronics,2,1144.47,South,167.56
ORD-101455,2023-04-28,CUST-0624,Laptop,Electronics,3,2816.61,East,370.7
ORD-103927,2023-05-25,CUST-0050,Mouse,Office Supplies,2,40.83,South,8.24
ORD-102545,2023-08-05,CUST-0696,Office Chair,Furniture,4,667.64,East,92.52
ORD-104034,2023-07-12,CUST-0826,Smartphone,Electronics,2,1316.87,North,185.59
ORD-100359,2023-07-12,CUST-0623,T-Shirt,Clothing,3,71.85,West,23.82
ORD-100165,2023-06-02,CUST-0787,Office Chair,Furniture,4,676.14,West,71.94
ORD-103319,2023-06-04,CUST-0624,Monitor,Electronics,5,1126.65,North,176.39
ORD-102921,2023-03-24,CUST-0256,Laptop,Electronics,5,4885.2,East,856.2
ORD-101475,2023-09-01,CUST-1062,T-Shirt,Clothing,4,100.5,South,32.08
ORD-103911,2023-06-24,CUST-0475,T-Shirt,Clothing,2,48.44,West,18.12
ORD-104916,2023-11-07,CUST-1077,Keyboard,Office Supplies,3,122.48,West,40.54
ORD-104514,2023-05-24,CUST-0389,Smartphone,Electronics,5,2843.01,East,493.52
ORD-103396,2023-07-01,CUST-0452,Laptop,Electronics,1,896.04,South,112.81
ORD-104787,2023-09-27,CUST-0926,Keyboard,Office Supplies,5,243.19,South,72.58
ORD-102450,2023-08-27,CUST-1147,Jeans,Clothing,2,106.22,North,29.6
ORD-101572,2023-10-24,CUST-1203,T-Shirt,Clothing,1,26.02,North,8.42
ORD-104527,2023-01-09,CUST-1154,Jeans,Clothing,2,114.57,South,30.22
ORD-100428,2023-04-27,CUST-0420,Laptop,Electronics,4,3265.94,North,636.85
ORD-104725,2023-11-24,CUST-0588,Monitor,Electronics,2,507.24,South,107.93
ORD-100387,2023-09-04,CUST-1223,Notebook Pack,Others,2,22.63,South,8.44
ORD-100552,2023-12-01,Unknown,Smartphone,Electronics,5,3059.57,East,574.36
ORD-104831,2023-11-01,CUST-0261,Monitor,Electronics,2,543.76,North,64.11
ORD-103301,2023-08-30,CUST-0990,Monitor,Electronics,2,462.92,North,84.26
ORD-102380,2023-01-18,CUST-1339,Mouse,Office Supplies,5,108.0,North,31.12
ORD-104483,2023-04-16,CUST-0591,Headphones,Electronics,3,289.43,North,58.51
ORD-100921,2023-09-08,CUST-0566,Mouse,Office Supplies,1,20.96,East,5.47
ORD-104019,2023-07-12,CUST-1285,Keyboard,Office Supplies,5,212.52,South,54.6
ORD-102889,2023-03-24,CUST-0880,Smartphone,Electronics,1,585.16,East,140.25
ORD-100300,2023-01-19,CUST-0038,Keyboard,Office Supplies,2,83.21,East,13.66
ORD-100333,2023-05-14,CUST-0082,Mouse,Office Supplies,1,20.26,North,5.28
ORD-103515,2023-11-20,CUST-0121,Keyboard,Office Supplies,3,142.02,North,33.2
ORD-100589,2023-10-06,CUST-1022,Laptop,Electronics,1,953.57,Central,109.55
ORD-102060,2023-06-04,CUST-1353,Notebook Pack,Others,1,13.16,Central,5.64
ORD-103553,2023-05-25,CUST-0235,T-Shirt,Clothing,4,103.9,North,31.66
ORD-103081,2023-11-22,CUST-0333,Smartphone,Electronics,3,1836.09,East,293.45
ORD-102245,2023-09-08,CUST-0635,Smartphone,Electronics,4,2312.73,North,321.16
ORD-102452,2023-11-08,CUST-1372,Jeans,Clothing,5,299.66,North,71.54
ORD-103683,2023-12-28,CUST-1034,T-Shirt,Clothing,2,50.1,West,19.26
ORD-104631,2023-03-04,CUST-1364,Desk,Furniture,3,1051.79,North,179.27
ORD-102965,2023-11-14,CUST-0654,T-Shirt,Clothing,5,131.41,North,40.53
ORD-102806,2023-01-31,CUST-0720,Monitor,Electronics,3,701.05,South,107.54
ORD-101047,2023-09-03,CUST-1469,Keyboard,Office Supplies,1,43.48,North,11.34
ORD-103582,2023-10-15,CUST-0923,Office Chair,Furniture,3,510.97,East,89.4
ORD-101499,2023-12-20,CUST-0462,Jeans,Clothing,1,52.29,North,16.35
ORD-104927,2023-11-27,CUST-0440,T-Shirt,Clothing,5,126.43,West,41.67
ORD-103353,2023-06-09,CUST-0754,Monitor,Electronics,3,742.43,South,81.7
ORD-104780,2023-11-29,CUST-0048,Monitor,Electronics,5,1336.76,North,155.01
ORD-100669,2023-05-11,CUST-0050,Office Chair,Furniture,2,347.99,West,31.07
ORD-102323,2023-07-25,CUST-0337,Laptop,Electronics,3,2486.24,North,388.0
ORD-103032,2023-08-21,CUST-1402,Headphones,Electronics,5,425.64,North,76.43
ORD-100031,2023-04-17,CUST-0680,Notebook Pack,Others,4,47.75,West,16.7
ORD-102393,2023-10-15,CUST-0626,Laptop,Electronics,1,815.11,South,162.15
ORD-101523,2023-11-29,CUST-0025,Keyboard,Office Supplies,1,41.05,North,11.1
ORD-100401,2023-04-04,CUST-1150,Printer,Office Supplies,3,439.74,East,49.1
ORD-100786,2023-01-03,CUST-0632,Mouse,Office Supplies,1,22.0,East,5.9
ORD-102311,2023-02-05,CUST-0199,Laptop,Electronics,1,845.69,North,107.05
ORD-101979,2023-06-26,CUST-0371,Headphones,Electronics,5,490.48,South,129.45
ORD-103403,2023-08-16,CUST-1436,Printer,Office Supplies,5,682.96,South,72.96
ORD-104047,2023-06-26,CUST-1235,Headphones,Electronics,5,430.51,East,94.45
ORD-103105,2023-11-03,CUST-0231,Jeans,Clothing,5,283.34,East,77.45
ORD-103165,2023-10-01,CUST-0199,Keyboard,Office Supplies,2,81.27,Central,21.28
ORD-102839,2023-09-10,CUST-0595,Laptop,Electronics,5,4698.23,South,882.75
ORD-103755,2023-04-30,CUST-1150,Monitor,Electronics,4,1028.65,North,170.22
ORD-101733,2023-10-29,CUST-0442,Headphones,Electronics,3,269.76,West,53.13
ORD-104212,2023-12-15,CUST-0209,Desk,Furniture,4,1402.57,Central,186.77
ORD-102258,2023-01-14,Unknown,Laptop,Electronics,3,2614.96,South,364.5
ORD-104102,2023-05-01,CUST-0431,T-Shirt,Clothing,4,102.43,North,29.7
ORD-100558,2023-07-26,CUST-0218,T-Shirt,Clothing,4,91.12,Central,29.51
ORD-104601,2023-06-16,CUST-0455,Printer,Office Supplies,1,164.52,North,-0.89
ORD-101631,2023-10-17,CUST-1427,Mouse,Office Supplies,2,37.27,Central,6.93
ORD-101027,2023-04-30,CUST-1479,Office Chair,Furniture,2,395.95,North,28.85
ORD-101766,2023-09-17,CUST-1308,Notebook Pack,Others,4,44.42,East,18.74
ORD-104053,2023-08-07,CUST-0470,Desk,Furniture,5,1660.52,West,193.36
ORD-102624,2023-01-16,CUST-1255,T-Shirt,Clothing,5,136.77,North,46.78
ORD-102539,2023-01-11,CUST-0635,T-Shirt,Clothing,2,52.64,West,17.32
ORD-100314,2023-07-12,CUST-0601,Office Chair,Furniture,1,176.97,South,30.11
ORD-102877,2023-11-08,CUST-0515,Office Chair,Furniture,4,781.51,Central,108.51
ORD-101244,2023-07-18,CUST-0419,Office Chair,Furniture,1,171.53,North,20.05
ORD-100376,2023-06-14,CUST-0654,Notebook Pack,Others,1,13.09,North,4.06
ORD-102540,2023-10-25,CUST-0324,T-Shirt,Clothing,5,136.18,East,41.76
ORD-103556,2023-03-15,CUST-0781,T-Shirt,Clothing,5,128.16,North,40.99
ORD-100996,2023-03-25,CUST-1165,Jeans,Clothing,3,180.06,East,34.69
ORD-103561,2023-05-19,CUST-0766,T-Shirt,Clothing,3,78.49,North,26.36
ORD-101258,2023-08-23,CUST-0728,T-Shirt,Clothing,4,106.46,North,25.2
ORD-104096,2023-06-02,CUST-1108,T-Shirt,Clothing,2,49.69,South,13.86
ORD-101436,2023-02-17,CUST-0918,Headphones,Electronics,2,178.57,South,36.6
ORD-102220,2023-08-14,CUST-1414,Office Chair,Furniture,5,949.23,North,122.17
ORD-100383,2023-09-06,CUST-0873,T-Shirt,Clothing,3,79.96,East,25.0
ORD-101911,2023-08-22,CUST-0719,Smartphone,Electronics,3,1754.27,East,250.86
ORD-100668,2023-05-28,CUST-0346,Monitor,Electronics,5,1185.86,North,204.46
ORD-100841,2023-05-21,CUST-0292,Mouse,Office Supplies,3,61.22,East,13.8
ORD-102917,2023-07-06,CUST-1421,Mouse,Office Supplies,4,78.3,South,20.25
ORD-104017,2023-01-01,CUST-1232,Desk,Furniture,4,1228.87,West,123.55
ORD-103251,2023-11-29,CUST-1228,T-Shirt,Clothing,5,117.09,North,27.58
ORD-101843,2023-01-04,CUST-0978,Notebook Pack,Others,4,49.5,East,14.22
ORD-100208,2023-09-29,CUST-1294,Smartphone,Electronics,1,577.65,South,120.44
ORD-100067,2023-07-11,CUST-0749,Monitor,Electronics,3,796.83,South,146.21
ORD-103693,2023-03-22,CUST-0233,T-Shirt,Clothing,1,24.86,South,8.52
ORD-101821,2023-12-17,CUST-0956,T-Shirt,Clothing,5,137.45,East,43.53
ORD-103146,2023-04-08,CUST-0115,Keyboard,Office Supplies,1,47.76,North,14.54
ORD-100598,2023-11-01,CUST-1355,Notebook Pack,Others,2,24.9,East,7.37
ORD-103597,2023-07-22,CUST-0381,Mouse,Office Supplies,1,19.27,South,5.56
ORD-102072,2023-06-18,CUST-1305,Headphones,Electronics,1,81.36,Central,21.09
ORD-101923,2023-02-26,CUST-0052,Office Chair,Furniture,3,565.59,North,67.57
ORD-101018,2023-02-28,CUST-1337,Laptop,Electronics,4,3749.23,South,424.01
ORD-100511,2023-11-16,CUST-1234,Mouse,Office Supplies,4,81.63,North,21.82
ORD-103354,2023-12-30,CUST-1368,T-Shirt,Clothing,4,96.38,Central,30.93
ORD-104182,2023-09-18,CUST-0953,Keyboard,Office Supplies,3,126.99,North,36.17
ORD-104241,2023-05-26,CUST-1303,Mouse,Office Supplies,4,85.44,North,27.62
ORD-103155,2023-10-04,CUST-0797,Monitor,Electronics,2,480.26,South,82.31
ORD-103295,2023-01-10,CUST-1219,Notebook Pack,Others,5,65.24,West,24.28
ORD-102492,2023-04-04,CUST-0767,Laptop,Electronics,2,1900.41,North,354.83
ORD-104888,2023-09-19,CUST-0035,Office Chair,Furniture,2,344.81,West,34.43
ORD-102156,2023-11-21,CUST-1118,Smartphone,Electronics,5,3029.27,Central,726.18
ORD-100421,2023-06-14,CUST-0205,Laptop,Electronics,4,3384.05,West,535.95
ORD-103097,2023-09-21,CUST-0169,Office Chair,Furniture,3,544.05,West,72.15
ORD-100123,2023-02-28,CUST-0203,Office Chair,Furniture,2,381.52,West,58.32
ORD-101866,2023-08-07,CUST-0951,Printer,Office Supplies,3,440.31,West,40.47
ORD-100216,2023-07-30,CUST-1225,Smartphone,Electronics,1,592.29,East,140.5
ORD-102943,2023-08-10,CUST-0349,Smartphone,Electronics,2,1130.99,North,140.95
ORD-102238,2023-06-19,CUST-1274,Office Chair,Furniture,5,865.76,North,125.26
ORD-102953,2023-10-16,CUST-0538,Printer,Office Supplies,2,296.23,East,16.06
ORD-103333,2023-10-22,CUST-0953,Headphones,Electronics,3,295.65,East,55.45
ORD-101268,2023-11-09,CUST-1377,T-Shirt,Clothing,1,26.59,South,8.27
ORD-104459,2023-12-27,CUST-1454,Mouse,Office Supplies,3,57.61,Central,16.29
ORD-103603,2023-08-31,CUST-0942,Headphones,Electronics,4,371.86,South,87.37
ORD-104276,2023-04-09,CUST-0977,Office Chair,Furniture,1,162.82,East,14.65
ORD-101440,2023-09-26,CUST-1426,Headphones,Electronics,4,345.21,East,72.04
ORD-103279,2023-05-21,CUST-1085,Smartphone,Electronics,4,2286.65,South,428.94
ORD-103138,2023-10-02,CUST-0884,Keyboard,Office Supplies,3,134.49,North,30.95
ORD-102353,2023-09-15,CUST-0794,T-Shirt,Clothing,3,69.47,North,17.95
ORD-102638,2023-08-23,CUST-0522,Mouse,Office Supplies,1,19.95,North,3.56
ORD-101594,2023-08-10,CUST-0196,Mouse,Office Supplies,2,40.1,South,8.21
ORD-102415,2023-04-16,CUST-0060,Smartphone,Electronics,3,1777.78,West,314.23
ORD-102070,2023-05-15,CUST-1484,Mouse,Office Supplies,1,21.98,West,5.02
ORD-103548,2023-01-20,CUST-0808,Smartphone,Electronics,2,1157.7,North,192.88
ORD-101073,2023-04-19,CUST-0238,Notebook Pack,Others,5,57.84,East,23.47
ORD-103531,2023-08-23,CUST-1063,Laptop,Electronics,4,3894.55,South,481.41
ORD-100520,2023-12-28,CUST-0625,Mouse,Office Supplies,3,55.06,North,14.78
ORD-104815,2023-07-30,Unknown,Laptop,Electronics,1,844.94,South,138.94
ORD-101121,2023-12-06,CUST-1017,Smartphone,Electronics,2,1308.5,South,126.33
ORD-101642,2023-04-21,CUST-0183,Desk,Furniture,5,1598.59,North,79.68
ORD-102088,2023-10-13,CUST-0718,Keyboard,Office Supplies,4,180.56,South,41.59
ORD-102261,2023-04-15,CUST-1046,Notebook Pack,Others,1,11.56,West,4.23
ORD-101198,2023-07-03,CUST-0150,Headphones,Electronics,2,168.67,South,36.92
ORD-101943,2023-01-18,CUST-0294,Smartphone,Electronics,4,2629.32,North,544.47
ORD-103564,2023-07-31,CUST-0921,Notebook Pack,Others,4,48.99,South,20.58
ORD-100364,2023-08-03,CUST-1386,Jeans,Clothing,5,285.05,North,96.78
ORD-104151,2023-06-18,CUST-0729,T-Shirt,Clothing,2,53.15,West,17.51
ORD-100924,2023-01-16,CUST-0343,Smartphone,Electronics,2,1229.02,Central,272.79
ORD-100554,2023-12-06,CUST-1419,Laptop,Electronics,2,1865.09,North,201.02
ORD-103738,2023-09-03,CUST-0911,Mouse,Office Supplies,4,77.15,West,23.18
ORD-103342,2023-03-31,CUST-0808,Smartphone,Electronics,1,562.97,North,99.99
ORD-101898,2023-10-09,CUST-1473,Laptop,Electronics,3,2934.69,East,287.53
ORD-103913,2023-04-16,CUST-0878,Office Chair,Furniture,2,381.18,East,67.14
ORD-102750,2023-08-23,CUST-1479,Headphones,Electronics,1,89.32,West,18.37
ORD-101609,2023-07-05,CUST-0148,Desk,Furniture,4,1370.96,South,64.39
ORD-103527,2023-09-05,CUST-0353,Smartphone,Electronics,1,575.16,Central,92.0
ORD-102173,2023-06-29,CUST-0773,Smartphone,Electronics,3,1712.95,West,353.6
ORD-100685,2023-11-14,CUST-0178,Monitor,Electronics,5,1195.2,Central,200.32
ORD-102119,2023-11-20,CUST-1177,Headphones,Electronics,4,380.2,East,83.89
ORD-103743,2023-07-27,CUST-0592,T-Shirt,Clothing,2,54.48,North,15.1
ORD-104158,2023-04-14,CUST-0036,Desk,Furniture,5,1477.27,North,116.78
ORD-100561,2023-12-16,CUST-0126,Headphones,Electronics,1,97.25,West,25.31
ORD-101134,2023-11-14,CUST-0922,Notebook Pack,Others,4,47.13,West,17.83
ORD-102445,2023-07-26,CUST-1177,T-Shirt,Clothing,4,98.21,West,31.76
ORD-102570,2023-03-13,CUST-0773,Laptop,Electronics,3,2683.85,North,470.38
ORD-101387,2023-11-09,CUST-0060,Monitor,Electronics,2,487.25,West,101.76
ORD-104261,2023-06-14,CUST-0422,Mouse,Office Supplies,2,40.53,North,12.43
ORD-104797,2023-12-31,CUST-0607,T-Shirt,Clothing,1,23.42,East,7.33
ORD-102207,2023-11-01,CUST-0393,Desk,Furniture,2,586.58,North,100.46
ORD-100725,2023-02-21,CUST-1224,Laptop,Electronics,2,1804.76,South,240.31
ORD-103148,2023-05-11,CUST-0157,Mouse,Office Supplies,4,85.59,West,12.93
ORD-100877,2023-12-11,CUST-0075,Monitor,Electronics,4,1098.21,East,233.58
ORD-103184,2023-05-29,CUST-1194,Laptop,Electronics,2,1849.14,East,198.91
ORD-102819,2023-03-19,CUST-0049,Printer,Office Supplies,2,292.17,North,42.67
ORD-100397,2023-10-02,CUST-0522,Monitor,Electronics,4,953.06,West,129.9
ORD-104853,2023-12-29,CUST-0770,Smartphone,Electronics,3,1925.71,North,197.29
ORD-100852,2023-12-04,CUST-0707,Mouse,Office Supplies,5,106.11,North,29.28
ORD-104890,2023-09-27,CUST-0854,Headphones,Electronics,1,90.81,South,20.08
ORD-103307,2023-07-11,CUST-1184,Laptop,Electronics,1,858.98,West,87.11
ORD-101647,2023-03-05,CUST-0395,Mouse,Office Supplies,5,95.79,Central,28.82
ORD-103732,2023-04-14,CUST-0520,T-Shirt,Clothing,1,26.96,West,9.27
ORD-101131,2023-04-01,CUST-1150,T-Shirt,Clothing,1,26.82,East,9.8
ORD-103006,2023-07-14,CUST-0494,T-Shirt,Clothing,5,135.29,North,39.1
ORD-102203,2023-03-14,CUST-0530,Smartphone,Electronics,1,558.36,South,88.76
ORD-100705,2023-08-29,CUST-1258,T-Shirt,Clothing,1,23.0,South,6.6
ORD-103839,2023-08-06,CUST-1001,Headphones,Electronics,2,181.02,North,39.92
ORD-102371,2023-09-23,CUST-0163,Monitor,Electronics,1,247.09,West,17.95
ORD-103923,2023-03-06,CUST-0167,Printer,Office Supplies,4,563.34,South,50.53
ORD-104075,2023-09-27,CUST-0234,Office Chair,Furniture,5,810.64,Central,102.98
ORD-102477,2023-11-02,CUST-0772,Smartphone,Electronics,5,3005.71,North,548.37
ORD-101077,2023-05-15,CUST-0586,T-Shirt,Clothing,1,24.24,South,6.77
ORD-103479,2023-05-02,CUST-0043,T-Shirt,Clothing,1,23.07,South,8.47
ORD-103048,2023-02-06,CUST-1181,Printer,Office Supplies,2,307.49,Central,36.79
ORD-103924,2023-10-12,CUST-0817,Headphones,Electronics,5,422.02,East,86.96
ORD-102318,2023-04-21,CUST-1381,T-Shirt,Clothing,2,48.85,North,12.73
ORD-100714,2023-04-30,CUST-1498,Mouse,Office Supplies,2,40.84,North,9.39
ORD-102865,2023-02-09,CUST-0345,Smartphone,Electronics,3,1835.54,North,324.24
ORD-101929,2023-09-11,CUST-1355,Desk,Furniture,4,1191.24,South,134.88
ORD-100094,2023-10-23,CUST-0505,Monitor,Electronics,2,507.36,Central,38.36
ORD-102184,2023-01-19,CUST-0071,T-Shirt,Clothing,3,75.77,South,25.4
ORD-102654,2023-09-30,CUST-0871,Desk,Furniture,4,1203.69,South,217.99
ORD-101330,2023-12-29,CUST-1322,Keyboard,Office Supplies,1,42.83,South,10.52
ORD-101986,2023-06-20,CUST-0567,Headphones,Electronics,5,414.84,North,99.18
ORD-100784,2023-10-29,CUST-0510,Notebook Pack,Others,1,11.98,South,5.0
ORD-103826,2023-06-03,CUST-1053,Headphones,Electronics,5,457.92,North,81.21
ORD-104635,2023-12-21,CUST-0335,Laptop,Electronics,5,4786.94,North,631.98
ORD-101230,2023-11-15,CUST-1160,Headphones,Electronics,3,250.45,Central,44.27
ORD-103310,2023-12-02,CUST-0191,Printer,Office Supplies,4,573.24,East,44.0
ORD-101270,2023-06-02,CUST-0222,Notebook Pack,Others,3,39.44,Central,12.22
ORD-103886,2023-04-17,CUST-0451,Notebook Pack,Others,5,60.95,West,25.9
ORD-103859,2023-12-22,CUST-1242,Laptop,Electronics,4,3818.71,Central,578.25
ORD-101676,2023-11-19,CUST-0046,Keyboard,Office Supplies,1,47.85,West,12.89
ORD-101837,2023-11-14,CUST-1259,Desk,Furniture,2,627.46,South,100.21
ORD-101166,2023-12-14,CUST-0538,Mouse,Office Supplies,4,81.7,East,19.39
ORD-103211,2023-02-08,CUST-1225,Keyboard,Office Supplies,2,94.79,West,23.47
ORD-100430,2023-07-30,CUST-0275,Printer,Office Supplies,5,793.68,North,123.69
ORD-100572,2023-03-07,CUST-0352,T-Shirt,Clothing,3,71.63,South,23.58
ORD-103606,2023-11-05,CUST-0583,Smartphone,Electronics,3,1903.61,West,399.77
ORD-103200,2023-07-20,CUST-1263,Keyboard,Office Supplies,5,239.58,North,72.16
ORD-103817,2023-12-27,CUST-0599,Headphones,Electronics,2,165.48,North,41.12
ORD-100673,2023-09-11,CUST-0550,Keyboard,Office Supplies,5,226.6,North,62.52
ORD-101430,2023-05-27,CUST-1247,Printer,Office Supplies,2,315.35,North,13.7
ORD-104382,2023-06-23,CUST-0997,Headphones,Electronics,3,265.55,East,70.37
ORD-102349,2023-06-05,CUST-1254,Laptop,Electronics,3,2430.71,North,399.53
ORD-100086,2023-07-22,CUST-0895,Keyboard,Office Supplies,3,125.46,North,31.74
ORD-102871,2023-05-22,CUST-0446,Desk,Furniture,3,1037.9,East,97.92
ORD-101367,2023-08-02,CUST-0409,Smartphone,Electronics,1,600.07,South,101.84
ORD-100847,2023-01-03,CUST-1484,Jeans,Clothing,2,103.21,South,23.34
ORD-102414,2023-01-29,CUST-0701,T-Shirt,Clothing,3,77.37,South,22.94
ORD-103651,2023-07-23,CUST-1481,Headphones,Electronics,4,380.35,Central,93.8
ORD-100976,2023-08-17,CUST-0199,Desk,Furniture,1,317.99,East,59.31
ORD-101967,2023-05-03,CUST-0482,Mouse,Office Supplies,1,19.57,East,5.23
ORD-104633,2023-11-14,CUST-0451,Headphones,Electronics,4,335.96,East,74.54
ORD-103813,2023-09-30,CUST-0792,Laptop,Electronics,2,1653.62,North,307.44
ORD-100056,2023-09-24,CUST-1404,Desk,Furniture,4,1357.38,South,182.01
ORD-103941,2023-10-10,CUST-1317,Smartphone,Electronics,2,1108.8,North,235.01
ORD-100080,2023-02-17,CUST-0952,Jeans,Clothing,1,53.53,North,14.16
ORD-101341,2023-08-13,CUST-1198,Mouse,Office Supplies,5,103.51,East,27.07
ORD-102508,2023-04-18,CUST-1156,T-Shirt,Clothing,3,79.29,East,23.93
ORD-103253,2023-08-23,CUST-1455,T-Shirt,Clothing,2,47.05,North,14.35
ORD-103689,2023-08-08,CUST-0858,Office Chair,Furniture,2,327.43,South,33.11
ORD-104837,2023-06-18,CUST-1364,Laptop,Electronics,5,4511.89,North,929.54
ORD-103147,2023-08-10,CUST-1156,Keyboard,Office Supplies,3,144.39,North,35.35
ORD-103476,2023-03-21,CUST-0726,Mouse,Office Supplies,2,43.48,Central,12.55
ORD-103241,2023-10-23,CUST-0898,T-Shirt,Clothing,3,68.18,West,22.51
ORD-103047,2023-03-22,CUST-1487,Jeans,Clothing,2,110.77,North,31.17
ORD-104800,2023-12-08,CUST-0941,Desk,Furniture,4,1290.67,Central,124.59
ORD-101474,2023-12-18,CUST-0924,T-Shirt,Clothing,2,50.13,Central,14.42
ORD-100267,2023-06-24,CUST-1047,Smartphone,Electronics,3,1659.62,North,270.48
ORD-103767,2023-10-20,CUST-0961,Monitor,Electronics,1,269.19,West,46.35
ORD-103242,2023-05-04,CUST-0526,Printer,Office Supplies,1,149.07,East,9.05
ORD-101058,2023-11-19,CUST-0583,T-Shirt,Clothing,5,131.67,North,37.79
ORD-102983,2023-08-31,CUST-1243,Jeans,Clothing,1,57.86,North,16.11
ORD-104944,2023-05-13,CUST-1470,T-Shirt,Clothing,3,68.23,East,22.65
ORD-103677,2023-12-25,CUST-1273,T-Shirt,Clothing,2,46.57,Unknown,13.35
ORD-102291,2023-08-26,CUST-0887,Keyboard,Office Supplies,4,168.98,Central,35.64
ORD-103674,2023-03-27,CUST-0105,Mouse,Office Supplies,3,65.54,North,12.12
ORD-102529,2023-06-15,CUST-1073,Jeans,Clothing,4,214.1,West,61.33
ORD-101136,2023-09-26,CUST-0247,Desk,Furniture,1,343.74,North,40.91
ORD-102043,2023-11-23,CUST-0469,Printer,Office Supplies,5,680.98,South,94.23
ORD-100032,2023-11-09,CUST-1312,Monitor,Electronics,5,1169.5,North,178.18
ORD-102985,2023-11-06,CUST-0861,Headphones,Electronics,3,260.64,South,28.18
ORD-101011,2023-05-13,CUST-1261,T-Shirt,Clothing,3,74.1,East,19.49
ORD-101283,2023-10-18,CUST-1354,Jeans,Clothing,1,54.68,South,18.52
ORD-100173,2023-10-14,CUST-0741,Notebook Pack,Others,1,12.83,East,4.06
ORD-102561,2023-10-08,CUST-1132,Jeans,Clothing,2,116.82,East,37.3
ORD-102421,2023-01-12,CUST-0248,Smartphone,Electronics,2,1232.63,East,229.11
ORD-102204,2023-07-19,CUST-1408,Monitor,Electronics,5,1177.72,South,95.14
ORD-100542,2023-08-28,CUST-0854,Mouse,Office Supplies,1,18.91,North,5.43
ORD-100263,2023-03-05,CUST-1475,Smartphone,Electronics,4,2285.22,South,410.79
ORD-104021,2023-01-27,CUST-0351,Smartphone,Electronics,5,2978.73,South,714.65
ORD-101579,2023-06-19,CUST-1261,Mouse,Office Supplies,5,99.74,North,25.49
ORD-101996,2023-01-24,CUST-0822,Headphones,Electronics,3,294.07,West,71.35
ORD-104284,2023-04-01,CUST-0974,Printer,Office Supplies,3,426.39,West,42.54
ORD-101540,2023-10-25,CUST-0637,Mouse,Office Supplies,4,87.75,East,23.81
ORD-103885,2023-07-20,CUST-1064,Laptop,Electronics,1,938.69,East,144.66
ORD-103492,2023-05-14,CUST-1431,Mouse,Office Supplies,4,72.18,South,22.0
ORD-104106,2023-12-27,CUST-0542,Keyboard,Office Supplies,4,185.81,North,55.12
ORD-103763,2023-08-27,CUST-1016,Headphones,Electronics,3,259.22,North,64.31
ORD-100312,2023-06-03,CUST-0872,Headphones,Electronics,1,87.56,Central,13.58
ORD-102504,2023-06-19,CUST-0837,Headphones,Electronics,3,261.43,North,45.14
ORD-103389,2023-06-16,CUST-0135,Headphones,Electronics,5,479.88,North,114.64
ORD-101115,2023-05-02,CUST-1194,Laptop,Electronics,3,2707.13,East,648.67
ORD-101542,2023-02-27,CUST-0726,Office Chair,Furniture,3,522.98,South,105.32
ORD-103289,2023-08-18,CUST-1492,Desk,Furniture,3,1030.06,North,97.39
ORD-101894,2023-07-16,CUST-0786,Monitor,Electronics,5,1143.81,South,200.79
ORD-101591,2023-08-17,CUST-1231,Laptop,Electronics,2,1874.86,North,225.99
ORD-100335,2023-09-30,CUST-0169,Jeans,Clothing,4,198.68,East,63.92
ORD-102499,2023-05-19,CUST-0963,T-Shirt,Clothing,3,71.15,South,20.19
ORD-104069,2023-03-02,CUST-1311,Smartphone,Electronics,5,3007.01,South,437.98
ORD-102370,2023-02-02,CUST-1313,Desk,Furniture,5,1590.58,South,156.62
ORD-102907,2023-04-10,CUST-1068,Laptop,Electronics,5,4637.41,North,663.32
ORD-102555,2023-08-28,CUST-0004,Keyboard,Office Supplies,5,205.19,East,42.27
ORD-103468,2023-06-18,CUST-0518,Monitor,Electronics,2,535.58,West,58.84
ORD-104972,2023-05-25,CUST-0124,Monitor,Electronics,4,1081.06,East,188.15
ORD-102093,2023-05-24,CUST-0281,Headphones,Electronics,5,451.68,West,66.25
ORD-102065,2023-02-15,CUST-0796,Printer,Office Supplies,2,287.55,West,25.87
ORD-100513,2023-08-08,CUST-0310,Headphones,Electronics,2,175.49,South,46.52
ORD-100708,2023-10-12,CUST-0492,Desk,Furniture,5,1538.59,South,103.51
ORD-100657,2023-06-09,CUST-0758,Monitor,Electronics,4,1056.18,North,172.55
ORD-104785,2023-03-20,CUST-1120,Mouse,Office Supplies,1,19.4,North,3.85
ORD-100309,2023-01-23,CUST-0096,Smartphone,Electronics,2,1149.17,West,195.07
ORD-100679,2023-04-12,CUST-1057,Office Chair,Furniture,5,941.88,West,164.78
ORD-100604,2023-10-02,CUST-0709,Notebook Pack,Others,3,36.41,Central,14.23
ORD-102845,2023-09-02,CUST-1294,T-Shirt,Clothing,3,72.96,Central,24.49
ORD-103473,2023-01-06,CUST-0946,Office Chair,Furniture,5,902.01,Central,182.09
ORD-104792,2023-06-16,CUST-0921,Headphones,Electronics,2,195.7,North,43.6
ORD-102924,2023-05-02,CUST-0302,Laptop,Electronics,4,3932.75,North,755.46
ORD-102611,2023-02-02,CUST-0643,Mouse,Office Supplies,1,20.14,West,5.78
ORD-103420,2023-02-25,CUST-0546,Mouse,Office Supplies,2,43.34,East,12.2
ORD-104368,2023-03-24,CUST-1469,Smartphone,Electronics,3,1936.18,South,365.06
ORD-102775,2023-02-16,CUST-0801,Monitor,Electronics,5,1192.42,East,182.33
ORD-103272,2023-06-28,CUST-1088,Jeans,Clothing,3,153.24,South,43.69
ORD-100130,2023-04-14,CUST-0974,Smartphone,Electronics,3,1903.01,West,543.3
ORD-100842,2023-12-31,CUST-0792,T-Shirt,Clothing,1,24.64,Central,8.51
ORD-104077,2023-11-20,CUST-1109,T-Shirt,Clothing,5,130.83,South,41.09
ORD-101195,2023-06-01,CUST-0524,Smartphone,Electronics,1,609.07,North,116.36
ORD-102075,2023-04-14,CUST-1437,T-Shirt,Clothing,5,126.19,Central,29.7
ORD-104473,2023-05-14,CUST-0633,Laptop,Electronics,4,3293.82,East,311.06
ORD-100265,2023-03-22,CUST-0534,Smartphone,Electronics,5,3005.71,North,490.46
ORD-104992,2023-12-05,CUST-0928,Keyboard,Office Supplies,1,46.5,East,12.25
ORD-100107,2023-02-13,CUST-0685,Headphones,Electronics,3,255.85,South,40.26
ORD-103739,2023-07-25,CUST-0923,Desk,Furniture,5,1459.55,East,93.46
ORD-102064,2023-04-05,CUST-0123,Office Chair,Furniture,2,387.41,South,60.17
ORD-104287,2023-02-04,CUST-0045,Headphones,Electronics,4,358.33,East,78.34
ORD-104296,2023-05-09,CUST-0181,Desk,Furniture,2,609.67,South,109.86
ORD-101794,2023-02-21,CUST-0643,Printer,Office Supplies,3,467.55,East,63.49
ORD-103016,2023-09-06,CUST-0300,Notebook Pack,Others,5,65.02,South,24.61
ORD-102910,2023-12-26,CUST-0047,Keyboard,Office Supplies,2,94.57,North,23.65
ORD-103627,2023-02-08,CUST-0163,Jeans,Clothing,3,155.88,West,47.72
ORD-104692,2023-01-07,CUST-0740,Keyboard,Office Supplies,4,187.31,North,26.31
ORD-100301,2023-08-29,CUST-0226,Smartphone,Electronics,1,564.1,East,94.15
ORD-103460,2023-08-31,CUST-1350,Desk,Furniture,5,1526.93,East,212.54
ORD-102379,2023-08-11,CUST-1056,Keyboard,Office Supplies,2,89.78,Unknown,24.42
ORD-102694,2023-06-03,CUST-1009,Mouse,Office Supplies,5,99.78,North,21.12
ORD-100640,2023-06-30,CUST-0423,Keyboard,Office Supplies,2,81.64,West,23.64
ORD-104441,2023-03-20,CUST-1463,Monitor,Electronics,5,1163.53,North,219.4
ORD-103329,2023-04-04,CUST-1163,Headphones,Electronics,1,86.99,East,17.8
ORD-102895,2023-06-21,CUST-1309,Laptop,Electronics,1,979.98,South,104.78
ORD-102394,2023-08-10,CUST-0070,T-Shirt,Clothing,4,101.59,Central,26.47
ORD-103715,2023-04-30,CUST-0404,Mouse,Office Supplies,5,107.83,Central,34.25
ORD-101896,2023-07-13,CUST-0329,Jeans,Clothing,1,58.23,East,16.73
ORD-101385,2023-07-15,CUST-1352,Laptop,Electronics,1,873.26,North,175.96
ORD-101411,2023-06-01,CUST-0556,Notebook Pack,Others,3,37.87,Central,12.78
ORD-104743,2023-11-03,CUST-0762,Headphones,Electronics,5,423.61,East,96.53
ORD-101146,2023-05-07,CUST-0189,Keyboard,Office Supplies,5,206.61,East,49.45
ORD-100593,2023-12-28,Unknown,T-Shirt,Clothing,5,124.57,North,42.71
ORD-104098,2023-06-27,CUST-1393,Jeans,Clothing,3,149.52,East,54.48
ORD-103949,2023-07-24,CUST-0733,Monitor,Electronics,3,793.13,Central,122.77
ORD-102774,2023-02-22,CUST-0596,Keyboard,Office Supplies,3,143.14,Central,38.07
ORD-104637,2023-06-17,CUST-1411,Keyboard,Office Supplies,3,144.81,North,31.53
ORD-100021,2023-03-27,CUST-0541,Monitor,Electronics,1,250.04,North,51.37
ORD-104605,2023-11-17,CUST-1290,Monitor,Electronics,2,506.69,South,52.9
ORD-102768,2023-08-12,CUST-0555,Mouse,Office Supplies,3,57.29,South,16.33
ORD-100002,2023-07-09,CUST-0741,Mouse,Office Supplies,3,57.62,South,11.53
ORD-102972,2023-11-28,CUST-0923,Smartphone,Electronics,3,1714.7,Central,394.99
ORD-104668,2023-07-25,CUST-0179,Mouse,Office Supplies,3,62.78,West,17.82
ORD-102433,2023-07-14,CUST-0549,Monitor,Electronics,4,966.17,East,165.85
ORD-102029,2023-02-13,CUST-0912,T-Shirt,Clothing,2,53.39,West,20.13
ORD-103866,2023-04-09,CUST-0894,T-Shirt,Clothing,1,23.2,South,8.12
ORD-103789,2023-02-26,CUST-1301,Keyboard,Office Supplies,4,192.8,East,48.63
ORD-104741,2023-04-19,CUST-1454,Headphones,Electronics,3,286.25,West,53.13
ORD-104068,2023-07-14,CUST-0010,Printer,Office Supplies,5,808.25,North,50.07
ORD-102649,2023-08-07,CUST-1099,Mouse,Office Supplies,1,21.19,West,5.35
ORD-101024,2023-02-01,CUST-0053,Jeans,Clothing,5,300.47,West,76.2
ORD-100770,2023-01-21,CUST-0505,Headphones,Electronics,1,98.26,Central,18.67
ORD-102227,2023-12-14,CUST-0984,Laptop,Electronics,4,3632.88,South,626.36
ORD-102644,2023-09-26,CUST-1302,Monitor,Electronics,4,932.56,East,185.22
ORD-102622,2023-04-29,CUST-0184,Headphones,Electronics,4,382.67,South,102.41
ORD-101627,2023-09-19,CUST-0300,Smartphone,Electronics,4,2420.07,Central,346.65
ORD-104582,2023-03-16,CUST-1355,Mouse,Office Supplies,1,18.79,Central,4.59
ORD-102085,2023-10-12,CUST-0487,Headphones,Electronics,1,87.75,East,25.63
ORD-101728,2023-12-28,CUST-1129,Laptop,Electronics,3,2903.23,North,399.89
ORD-101050,2023-11-08,CUST-0919,Jeans,Clothing,4,229.6,North,62.7
ORD-102547,2023-01-10,CUST-0744,Smartphone,Electronics,3,1900.96,Central,345.69
ORD-101987,2023-11-28,CUST-0299,Keyboard,Office Supplies,3,134.05,East,29.36
ORD-101649,2023-05-14,CUST-1310,Mouse,Office Supplies,4,87.43,North,24.39
ORD-104790,2023-12-16,Unknown,T-Shirt,Clothing,2,46.35,Central,13.42
ORD-100391,2023-12-22,CUST-1203,Smartphone,Electronics,5,2853.49,Central,295.95
ORD-102969,2023-12-22,CUST-1103,Smartphone,Electronics,5,2730.59,East,530.57
ORD-104650,2023-07-18,CUST-1460,Mouse,Office Supplies,2,39.3,East,11.34
ORD-102358,2023-12-29,CUST-0693,Notebook Pack,Others,5,61.47,North,24.41
ORD-104035,2023-01-10,CUST-1140,Office Chair,Furniture,1,179.94,West,22.31
ORD-104041,2023-12-27,CUST-1111,Keyboard,Office Supplies,2,86.46,East,25.03
ORD-103884,2023-07-05,CUST-0090,Notebook Pack,Others,1,11.64,Central,3.65
ORD-101643,2023-11-05,CUST-0130,Smartphone,Electronics,1,620.38,West,156.0
ORD-103799,2023-12-12,CUST-1247,Headphones,Electronics,4,350.68,East,78.51
ORD-102146,2023-01-11,CUST-1166,Laptop,Electronics,1,959.59,East,127.61
ORD-101693,2023-12-10,CUST-0946,Keyboard,Office Supplies,5,209.24,East,67.15
ORD-102939,2023-11-13,CUST-0437,Laptop,Electronics,5,4740.9,East,431.23
ORD-100748,2023-01-25,CUST-0326,Keyboard,Office Supplies,3,135.38,South,44.25
ORD-101409,2023-07-15,CUST-0467,Keyboard,Office Supplies,3,134.37,North,39.93
ORD-102236,2023-07-14,CUST-1410,Smartphone,Electronics,3,1876.14,North,316.27
ORD-103402,2023-04-20,CUST-0978,T-Shirt,Clothing,4,92.04,North,31.19
ORD-103782,2023-06-23,CUST-0263,Printer,Office Supplies,4,561.35,Central,69.55
ORD-100610,2023-05-12,CUST-0026,T-Shirt,Clothing,1,23.24,South,8.13
ORD-103141,2023-09-13,CUST-0513,Smartphone,Electronics,4,2398.23,East,501.04
ORD-103166,2023-03-29,CUST-0415,Laptop,Electronics,4,3937.08,North,641.85
ORD-102586,2023-12-13,CUST-1369,Monitor,Electronics,2,535.61,South,67.63
ORD-101822,2023-07-27,CUST-0667,T-Shirt,Clothing,2,51.87,West,16.57
ORD-104452,2023-09-25,CUST-1474,Jeans,Clothing,5,287.57,North,63.47
ORD-103952,2023-09-15,CUST-0001,Notebook Pack,Others,3,39.06,North,14.46
ORD-104697,2023-04-07,CUST-0238,T-Shirt,Clothing,2,45.05,North,13.4
ORD-103304,2023-08-18,CUST-0474,Keyboard,Office Supplies,2,94.43,West,16.91
ORD-103552,2023-10-31,CUST-0524,Monitor,Electronics,5,1250.18,West,188.27
ORD-103012,2023-11-25,CUST-0779,Keyboard,Office Supplies,3,133.84,East,27.17
ORD-101201,2023-07-14,CUST-0402,T-Shirt,Clothing,1,25.29,North,6.94
ORD-103071,2023-03-04,CUST-1332,Notebook Pack,Others,4,52.4,West,18.37
ORD-104685,2023-11-17,CUST-0328,Monitor,Electronics,2,456.71,West,57.14
ORD-102148,2023-02-07,CUST-0189,Keyboard,Office Supplies,2,85.26,East,17.72
ORD-102691,2023-08-21,CUST-0081,Office Chair,Furniture,1,162.7,North,20.31
ORD-104749,2023-07-20,CUST-0701,Smartphone,Electronics,3,1891.67,Central,323.13
ORD-104007,2023-07-12,CUST-0866,Smartphone,Electronics,5,3051.54,North,748.87
ORD-103501,2023-01-07,CUST-0632,T-Shirt,Clothing,4,105.87,West,26.4
ORD-101075,2023-08-10,CUST-1294,Monitor,Electronics,4,997.07,South,191.76
ORD-103518,2023-11-24,CUST-0634,T-Shirt,Clothing,4,103.09,Central,33.9
ORD-104277,2023-09-17,CUST-1496,Mouse,Office Supplies,2,39.24,South,12.77
ORD-100297,2023-11-23,CUST-0298,Mouse,Office Supplies,1,18.78,South,5.39
ORD-101973,2023-01-16,CUST-0357,Office Chair,Furniture,2,330.26,Central,48.64
ORD-101983,2023-09-09,CUST-0444,Headphones,Electronics,4,328.25,Central,78.27
ORD-103770,2023-09-24,CUST-0607,Notebook Pack,Others,2,23.88,West,8.85
ORD-103261,2023-09-05,CUST-0561,Keyboard,Office Supplies,5,236.74,West,55.44
ORD-104449,2023-08-29,CUST-1031,Laptop,Electronics,1,988.62,Central,120.68
ORD-103346,2023-06-25,CUST-1118,Mouse,Office Supplies,3,61.87,East,14.37
ORD-102769,2023-03-05,CUST-1136,Notebook Pack,Others,3,36.36,East,10.61
ORD-101479,2023-05-19,CUST-0384,T-Shirt,Clothing,1,24.32,North,7.48
ORD-100197,2023-10-30,CUST-0259,Mouse,Office Supplies,4,73.5,South,16.41
ORD-101776,2023-09-28,CUST-1036,Keyboard,Office Supplies,5,232.88,East,53.35
ORD-101545,2023-03-30,CUST-0830,Office Chair,Furniture,5,899.42,South,174.28
ORD-103607,2023-05-19,CUST-0022,Headphones,Electronics,2,187.75,North,46.49
ORD-101288,2023-04-08,CUST-0440,Desk,Furniture,5,1453.83,South,236.09
ORD-104448,2023-07-06,CUST-0706,T-Shirt,Clothing,1,27.24,West,9.2
ORD-101541,2023-10-20,CUST-0558,Headphones,Electronics,2,179.99,North,33.72
ORD-103626,2023-02-07,CUST-0218,Mouse,Office Supplies,2,39.9,South,9.83
ORD-100235,2023-10-07,CUST-1467,Mouse,Office Supplies,3,64.95,West,16.51
ORD-104058,2023-12-26,CUST-0706,Office Chair,Furniture,4,696.78,East,156.3
ORD-103380,2023-08-03,CUST-0721,Headphones,Electronics,2,167.0,South,40.58
ORD-102711,2023-07-02,CUST-1293,Headphones,Electronics,3,268.66,North,56.67
ORD-100941,2023-08-19,Unknown,Mouse,Office Supplies,1,20.58,South,4.57
ORD-101879,2023-11-02,CUST-0945,T-Shirt,Clothing,1,25.58,West,7.53
ORD-101849,2023-07-24,CUST-0705,Keyboard,Office Supplies,3,132.49,North,39.09
ORD-103442,2023-01-08,CUST-0361,Laptop,Electronics,3,2484.05,North,412.39
ORD-104281,2023-06-04,CUST-0517,Office Chair,Furniture,4,714.18,North,103.15
ORD-103992,2023-11-13,CUST-0479,Laptop,Electronics,2,1837.02,Central,206.02
ORD-100429,2023-05-28,CUST-1118,Mouse,Office Supplies,1,21.16,North,6.16
ORD-101890,2023-06-22,CUST-0911,Headphones,Electronics,2,167.62,Central,38.94
ORD-101761,2023-04-24,CUST-0161,Smartphone,Electronics,2,1262.22,North,219.02
ORD-103161,2023-10-27,CUST-1183,Notebook Pack,Others,3,37.74,North,13.0
ORD-103483,2023-05-13,CUST-0121,T-Shirt,Clothing,1,25.91,West,8.8
ORD-100827,2023-03-10,CUST-1373,Headphones,Electronics,5,484.03,North,95.76
ORD-102448,2023-07-26,CUST-0809,T-Shirt,Clothing,1,25.34,North,5.95
ORD-104818,2023-07-10,CUST-0054,T-Shirt,Clothing,5,131.91,West,45.08
ORD-100443,2023-07-24,CUST-0647,Smartphone,Electronics,1,571.93,South,107.2
ORD-103883,2023-06-30,CUST-0195,Desk,Furniture,4,1302.26,West,97.52
ORD-104532,2023-12-20,CUST-1287,Jeans,Clothing,4,222.61,East,48.85
ORD-103930,2023-12-07,CUST-0702,T-Shirt,Clothing,5,134.33,West,47.2
ORD-100879,2023-02-26,CUST-1080,T-Shirt,Clothing,2,52.82,North,17.53
ORD-104187,2023-10-08,CUST-0845,Smartphone,Electronics,5,3170.73,West,715.28
ORD-104223,2023-08-02,CUST-0150,Smartphone,Electronics,2,1224.63,North,179.93
ORD-103437,2023-08-17,CUST-0021,Monitor,Electronics,4,1082.78,West,135.72
ORD-104734,2023-11-01,CUST-0878,Printer,Office Supplies,4,615.62,North,94.05
ORD-102444,2023-04-11,CUST-0792,T-Shirt,Clothing,1,26.51,South,6.39
ORD-104171,2023-10-04,CUST-0607,Keyboard,Office Supplies,2,93.97,East,15.98
ORD-101248,2023-12-05,CUST-1305,Mouse,Office Supplies,5,97.78,North,23.8
ORD-104314,2023-11-12,CUST-0939,Laptop,Electronics,5,4442.05,North,404.01
ORD-101331,2023-09-12,CUST-1472,T-Shirt,Clothing,4,102.14,South,26.51
ORD-103364,2023-06-30,CUST-1135,Monitor,Electronics,3,696.87,East,81.52
ORD-102443,2023-03-20,CUST-1110,T-Shirt,Clothing,2,52.02,South,12.32
ORD-102753,2023-04-19,CUST-0152,Laptop,Electronics,1,855.51,Central,133.25
ORD-104816,2023-11-27,CUST-0926,Headphones,Electronics,1,86.15,Central,18.27
ORD-102957,2023-04-01,CUST-0054,Laptop,Electronics,5,4894.71,East,1058.67
ORD-102420,2023-07-09,CUST-0014,Smartphone,Electronics,4,2429.98,East,339.31
ORD-103747,2023-05-08,CUST-0265,Mouse,Office Supplies,1,19.39,East,6.67
ORD-101481,2023-09-20,CUST-1000,Laptop,Electronics,1,958.3,East,180.35
ORD-100271,2023-07-02,CUST-0041,Smartphone,Electronics,4,2520.41,South,378.65
ORD-103648,2023-10-08,CUST-1053,Headphones,Electronics,5,417.78,North,81.1
ORD-102037,2023-09-29,CUST-1438,Laptop,Electronics,3,2509.48,South,307.37
ORD-102585,2023-11-28,CUST-1086,Desk,Furniture,2,703.71,North,78.68
ORD-101602,2023-10-19,CUST-0683,Jeans,Clothing,3,152.73,South,44.4
ORD-104435,2023-09-19,CUST-0023,T-Shirt,Clothing,4,105.24,South,31.08
ORD-102832,2023-02-05,CUST-1180,Desk,Furniture,4,1284.97,West,105.24
ORD-102934,2023-11-10,CUST-0265,Jeans,Clothing,3,156.02,West,35.5
ORD-100012,2023-08-27,CUST-0800,Jeans,Clothing,4,233.85,North,64.86
ORD-100434,2023-08-11,CUST-0691,Laptop,Electronics,5,4247.01,East,343.05
ORD-103559,2023-09-21,CUST-0802,T-Shirt,Clothing,3,78.82,North,24.78
ORD-100881,2023-02-17,CUST-0396,T-Shirt,Clothing,4,98.55,South,26.18
ORD-101003,2023-07-04,CUST-0169,Smartphone,Electronics,4,2200.14,South,356.27
ORD-102240,2023-03-25,CUST-0237,Monitor,Electronics,2,473.1,West,88.46
ORD-104827,2023-08-06,CUST-1166,Office Chair,Furniture,3,506.13,South,88.91
ORD-103634,2023-08-02,CUST-0714,T-Shirt,Clothing,2,53.81,North,17.65
ORD-102558,2023-06-04,CUST-0636,Desk,Furniture,2,576.33,North,74.91
ORD-100623,2023-04-02,CUST-0578,Desk,Furniture,4,1341.74,South,120.28
ORD-104373,2023-04-06,CUST-0315,Smartphone,Electronics,2,1243.99,East,171.45
ORD-104119,2023-05-29,Unknown,T-Shirt,Clothing,2,47.95,North,16.98
ORD-102978,2023-04-09,CUST-1227,Keyboard,Office Supplies,4,193.49,North,68.1
ORD-100375,2023-07-13,Unknown,Smartphone,Electronics,2,1159.21,North,339.51
ORD-100968,2023-01-12,CUST-0392,T-Shirt,Clothing,5,113.82,East,34.79
ORD-104917,2023-02-11,CUST-0804,Jeans,Clothing,5,298.6,Central,90.37
ORD-101744,2023-07-30,CUST-0256,Keyboard,Office Supplies,4,164.71,North,31.82
ORD-101190,2023-03-30,CUST-1094,Desk,Furniture,3,916.9,South,98.03
ORD-104090,2023-12-25,CUST-0287,Smartphone,Electronics,5,3207.58,South,530.6
ORD-103083,2023-04-01,CUST-0441,Keyboard,Office Supplies,5,233.41,Central,58.01
ORD-104924,2023-09-28,CUST-0577,T-Shirt,Clothing,5,113.4,East,28.88
ORD-103578,2023-03-30,CUST-1024,Keyboard,Office Supplies,2,97.38,North,17.2
ORD-103752,2023-12-10,CUST-1055,Desk,Furniture,5,1734.37,East,253.66
ORD-103075,2023-08-03,CUST-0340,Printer,Office Supplies,2,318.54,East,-5.7
ORD-100203,2023-04-18,CUST-0811,Smartphone,Electronics,5,3168.33,North,681.13
ORD-101345,2023-05-13,CUST-1239,Jeans,Clothing,5,249.71,East,65.27
ORD-103390,2023-01-10,CUST-0300,Smartphone,Electronics,2,1103.62,West,134.69
ORD-102283,2023-02-27,CUST-0613,Keyboard,Office Supplies,4,162.2,East,46.21
ORD-103153,2023-06-11,CUST-0886,Smartphone,Electronics,2,1161.78,Central,142.91
ORD-103106,2023-12-04,CUST-0367,Monitor,Electronics,3,691.85,East,93.98
ORD-104408,2023-11-16,CUST-0080,Mouse,Office Supplies,4,82.02,South,17.8
ORD-101813,2023-08-20,CUST-0363,Headphones,Electronics,1,91.22,East,26.32
ORD-102113,2023-02-18,CUST-0292,Jeans,Clothing,3,174.42,South,48.66
ORD-103989,2023-10-18,CUST-0025,Notebook Pack,Others,2,22.25,East,7.05
ORD-103496,2023-10-09,CUST-0126,Keyboard,Office Supplies,2,82.65,East,21.06
ORD-101952,2023-09-05,CUST-0417,Keyboard,Office Supplies,1,49.33,East,14.25
ORD-102015,2023-11-08,CUST-1312,T-Shirt,Clothing,4,90.43,North,24.31
ORD-100730,2023-06-05,CUST-0186,Monitor,Electronics,4,983.35,East,171.01
ORD-104769,2023-02-13,CUST-0168,Keyboard,Office Supplies,4,162.42,Central,40.29
ORD-102410,2023-11-04,CUST-0326,Jeans,Clothing,1,57.6,North,16.78
ORD-104009,2023-11-21,CUST-1399,Jeans,Clothing,4,227.95,North,68.43
ORD-103713,2023-03-27,CUST-1411,Keyboard,Office Supplies,1,45.33,North,10.39
ORD-101820,2023-09-20,CUST-0061,Printer,Office Supplies,5,720.49,East,4.86
ORD-102842,2023-08-15,CUST-0683,Desk,Furniture,3,1014.81,Central,91.95
ORD-102579,2023-11-22,Unknown,Printer,Office Supplies,4,589.16,South,18.13
ORD-103375,2023-11-20,CUST-0609,Office Chair,Furniture,3,544.38,South,128.51
ORD-104810,2023-10-23,CUST-1249,T-Shirt,Clothing,4,97.74,North,31.96
ORD-100436,2023-05-03,CUST-0240,Smartphone,Electronics,2,1163.98,South,222.29
ORD-100017,2023-09-14,CUST-0171,Laptop,Electronics,5,4827.9,North,1004.32
ORD-102646,2023-04-12,CUST-0325,Keyboard,Office Supplies,1,45.11,North,14.63
ORD-103830,2023-10-24,CUST-0837,T-Shirt,Clothing,5,134.44,West,48.09
ORD-102013,2023-08-28,CUST-0015,Desk,Furniture,1,318.78,North,50.23
ORD-102424,2023-05-06,CUST-1344,Printer,Office Supplies,2,323.34,East,56.17
ORD-102436,2023-05-18,CUST-0896,T-Shirt,Clothing,2,49.95,Central,14.91
ORD-100447,2023-02-07,CUST-0323,Jeans,Clothing,5,273.86,Central,62.63
ORD-103684,2023-02-04,CUST-0757,Smartphone,Electronics,3,1945.32,West,458.09
ORD-104560,2023-02-28,CUST-1228,Notebook Pack,Others,5,54.68,East,21.15
ORD-103877,2023-01-25,CUST-0769,Notebook Pack,Others,2,21.94,Central,8.65
ORD-104246,2023-07-30,CUST-0041,Mouse,Office Supplies,2,36.17,West,11.19
ORD-101854,2023-09-24,CUST-0363,Mouse,Office Supplies,1,21.18,Unknown,7.1
ORD-103853,2023-04-06,CUST-0621,Office Chair,Furniture,1,187.3,North,19.44
ORD-100038,2023-12-17,CUST-1042,Headphones,Electronics,2,176.1,East,48.63
ORD-104858,2023-12-31,CUST-1419,Laptop,Electronics,4,3889.66,North,687.39
ORD-100027,2023-09-23,CUST-1489,Laptop,Electronics,4,3575.69,East,463.6
ORD-102643,2023-05-19,CUST-1370,Mouse,Office Supplies,5,107.75,Central,27.81
ORD-104662,2023-01-30,CUST-1094,Desk,Furniture,4,1275.12,North,193.22
ORD-100472,2023-09-23,CUST-0634,Smartphone,Electronics,4,2404.56,South,365.05
ORD-102216,2023-01-16,CUST-0771,Smartphone,Electronics,5,2891.13,East,746.88
ORD-102257,2023-07-15,CUST-0664,Mouse,Office Supplies,5,96.51,North,24.93
ORD-101366,2023-09-30,CUST-0780,Headphones,Electronics,4,354.16,North,95.24
ORD-101426,2023-12-18,CUST-1346,Laptop,Electronics,4,3474.8,East,602.26
ORD-102362,2023-12-22,CUST-0227,T-Shirt,Clothing,2,47.05,South,11.86
ORD-100724,2023-11-06,CUST-1156,Smartphone,Electronics,5,3268.09,South,608.84
ORD-101473,2023-08-12,CUST-1464,T-Shirt,Clothing,1,27.24,West,7.27
ORD-103474,2023-12-01,CUST-0062,T-Shirt,Clothing,4,100.5,North,34.5
ORD-103465,2023-11-08,CUST-1212,Mouse,Office Supplies,4,79.76,West,23.24
ORD-100096,2023-12-19,CUST-0911,Office Chair,Furniture,3,562.87,North,106.87
ORD-104303,2023-09-26,CUST-1031,Monitor,Electronics,1,271.07,South,37.39
ORD-103908,2023-06-06,CUST-0192,T-Shirt,Clothing,3,70.05,East,19.77
ORD-104885,2023-09-18,CUST-0318,Mouse,Office Supplies,4,73.56,South,19.56
ORD-102686,2023-05-02,CUST-0836,Headphones,Electronics,1,85.72,East,22.99
ORD-100468,2023-10-05,CUST-1414,Smartphone,Electronics,1,555.34,North,111.74
ORD-102513,2023-08-26,CUST-0151,Laptop,Electronics,5,4362.58,Central,540.54
ORD-104109,2023-02-15,CUST-1484,T-Shirt,Clothing,4,94.1,North,29.05
ORD-100184,2023-11-01,CUST-0317,Keyboard,Office Supplies,2,98.6,North,25.9
ORD-100857,2023-12-05,CUST-0792,Mouse,Office Supplies,1,18.36,North,4.63
ORD-103844,2023-08-03,CUST-1393,Notebook Pack,Others,4,46.1,West,16.44
ORD-102149,2023-10-23,CUST-1279,Laptop,Electronics,3,2495.35,Central,414.51
ORD-104306,2023-11-03,CUST-0446,T-Shirt,Clothing,5,117.74,South,37.84
ORD-100246,2023-04-05,CUST-0137,Jeans,Clothing,2,116.78,West,34.35
ORD-104125,2023-04-10,CUST-1098,Smartphone,Electronics,5,3201.77,East,574.93
ORD-104179,2023-04-30,CUST-1353,Printer,Office Supplies,3,425.1,East,80.92
ORD-101463,2023-11-20,CUST-0203,Monitor,Electronics,3,683.9,North,96.0
ORD-104099,2023-04-17,CUST-0650,Printer,Office Supplies,1,143.17,North,16.22
ORD-100583,2023-06-13,CUST-0742,Office Chair,Furniture,1,165.9,East,19.47
ORD-103779,2023-08-18,CUST-0620,Notebook Pack,Others,1,11.57,North,4.16
ORD-103544,2023-11-23,CUST-1289,Monitor,Electronics,3,797.84,North,125.03
ORD-101052,2023-12-06,CUST-0199,Headphones,Electronics,3,295.98,East,69.84
ORD-103749,2023-03-24,CUST-0001,Smartphone,Electronics,1,601.14,North,91.49
ORD-104155,2023-12-29,CUST-0114,Laptop,Electronics,1,971.1,South,189.41
ORD-101397,2023-11-08,CUST-0727,Printer,Office Supplies,1,152.48,South,8.55
ORD-103262,2023-08-11,CUST-0902,Laptop,Electronics,1,919.07,East,158.03
ORD-101456,2023-05-31,CUST-0666,Headphones,Electronics,1,95.28,North,19.19
ORD-102912,2023-09-27,CUST-1390,T-Shirt,Clothing,5,118.84,North,35.14
ORD-104999,2023-01-09,CUST-1484,Jeans,Clothing,5,255.27,West,66.02
ORD-102764,2023-05-14,CUST-1484,Laptop,Electronics,3,2503.22,North,364.14
ORD-102591,2023-10-18,CUST-1424,Printer,Office Supplies,4,598.09,South,56.76
ORD-104475,2023-08-17,CUST-0872,Jeans,Clothing,3,176.89,East,54.76
ORD-104268,2023-01-10,CUST-0533,Mouse,Office Supplies,5,101.61,South,26.0
ORD-104384,2023-09-10,CUST-0751,Mouse,Office Supplies,4,72.64,South,20.36
ORD-100545,2023-10-29,CUST-1405,Desk,Furniture,4,1207.11,West,74.12
ORD-101095,2023-08-15,CUST-0909,Office Chair,Furniture,4,692.06,East,93.4
ORD-103010,2023-03-14,CUST-0641,Monitor,Electronics,5,1315.8,Central,223.02
ORD-104327,2023-10-19,CUST-0564,Keyboard,Office Supplies,3,121.52,North,37.01
ORD-102336,2023-12-20,CUST-0712,Mouse,Office Supplies,2,43.37,East,10.57
ORD-104496,2023-11-06,CUST-0888,T-Shirt,Clothing,3,68.4,Central,10.86
ORD-101245,2023-08-23,CUST-0494,Headphones,Electronics,2,174.13,West,36.77
ORD-103480,2023-04-16,CUST-0351,Desk,Furniture,2,657.53,South,91.61
ORD-101700,2023-09-06,CUST-0468,Printer,Office Supplies,2,292.69,Central,21.03
ORD-100238,2023-05-29,CUST-1281,Laptop,Electronics,3,2825.65,Central,355.37
ORD-100506,2023-01-15,CUST-0675,Monitor,Electronics,3,814.22,East,170.07
ORD-104339,2023-01-08,CUST-0326,Mouse,Office Supplies,2,41.92,East,10.37
ORD-101184,2023-04-11,CUST-0459,Smartphone,Electronics,5,2716.99,North,272.03
ORD-100687,2023-08-01,CUST-0468,Notebook Pack,Others,2,23.05,North,8.37
ORD-103688,2023-04-04,CUST-0137,Jeans,Clothing,3,165.08,East,48.62
ORD-100878,2023-10-05,CUST-0365,Jeans,Clothing,5,282.8,Central,70.62
ORD-100445,2023-02-06,CUST-0221,Keyboard,Office Supplies,1,43.6,West,8.31
ORD-102861,2023-05-31,CUST-0059,T-Shirt,Clothing,5,132.92,North,38.87
ORD-101494,2023-12-08,CUST-1040,Office Chair,Furniture,1,165.94,East,12.54
ORD-101926,2023-02-27,CUST-1202,Monitor,Electronics,4,1092.52,East,123.46
ORD-100626,2023-04-15,CUST-0680,Mouse,Office Supplies,5,99.0,East,24.75
ORD-103331,2023-09-19,CUST-0122,Headphones,Electronics,2,190.13,North,45.37
ORD-103092,2023-12-18,CUST-0712,Mouse,Office Supplies,1,19.38,North,5.67
ORD-102474,2023-10-29,CUST-0014,Office Chair,Furniture,2,357.9,North,64.73
ORD-101614,2023-10-09,CUST-1346,Mouse,Office Supplies,5,97.18,East,29.13
ORD-103507,2023-11-29,CUST-1463,Mouse,Office Supplies,1,19.27,South,6.14
ORD-103104,2023-01-31,CUST-0261,Jeans,Clothing,3,155.37,South,42.07
ORD-103825,2023-09-01,CUST-0397,T-Shirt,Clothing,1,25.25,South,7.6
ORD-100942,2023-08-24,CUST-0185,Smartphone,Electronics,2,1140.23,North,169.25
ORD-103704,2023-07-30,CUST-1221,Laptop,Electronics,3,2486.02,North,326.83
ORD-100534,2023-11-22,CUST-1005,Laptop,Electronics,4,3798.35,North,365.74
ORD-103945,2023-04-01,CUST-1159,Mouse,Office Supplies,1,21.31,North,5.8
ORD-101955,2023-05-06,CUST-0999,Notebook Pack,Others,4,44.57,East,20.8
ORD-100334,2023-04-19,CUST-0313,Smartphone,Electronics,3,1703.46,South,438.78
ORD-100688,2023-11-06,CUST-0635,Keyboard,Office Supplies,3,128.39,North,24.21
ORD-104794,2023-08-25,CUST-0637,Monitor,Electronics,1,267.43,South,34.62
ORD-104162,2023-04-03,CUST-0801,Mouse,Office Supplies,2,38.26,South,8.14
ORD-104270,2023-06-18,CUST-0636,Notebook Pack,Others,3,32.74,North,11.78
ORD-102288,2023-04-07,CUST-0071,Smartphone,Electronics,1,583.09,North,69.05
ORD-103213,2023-11-13,CUST-0093,T-Shirt,Clothing,4,94.62,West,24.63
ORD-100327,2023-06-01,CUST-0063,T-Shirt,Clothing,4,92.02,West,27.44
ORD-104236,2023-11-20,CUST-1468,Office Chair,Furniture,3,559.34,East,69.56
ORD-103188,2023-12-27,CUST-0760,Smartphone,Electronics,3,1813.77,East,354.1
ORD-101149,2023-04-29,CUST-1267,Printer,Office Supplies,1,138.33,North,14.99
ORD-101094,2023-09-16,CUST-0793,T-Shirt,Clothing,1,27.25,North,8.2
ORD-104672,2023-03-14,CUST-0003,Laptop,Electronics,1,972.26,East,200.2
ORD-104632,2023-11-01,CUST-1387,Monitor,Electronics,3,745.62,West,198.19
ORD-101118,2023-04-17,CUST-0833,Headphones,Electronics,1,97.73,East,22.19
ORD-101990,2023-02-03,CUST-0850,Laptop,Electronics,4,3538.22,West,691.65
ORD-104168,2023-12-09,CUST-1106,T-Shirt,Clothing,3,80.19,South,26.16
ORD-101778,2023-12-17,CUST-0340,Monitor,Electronics,2,501.67,East,25.1
ORD-100543,2023-11-16,CUST-0961,Notebook Pack,Others,2,24.2,North,9.56
ORD-103959,2023-09-15,CUST-1162,Office Chair,Furniture,3,523.0,Central,102.77
ORD-104696,2023-07-25,CUST-0511,Office Chair,Furniture,5,930.38,North,114.91
ORD-101669,2023-07-20,CUST-0157,Mouse,Office Supplies,3,60.34,East,15.38
ORD-103513,2023-10-19,CUST-0645,Notebook Pack,Others,1,11.35,North,4.2
ORD-100746,2023-08-04,CUST-1445,Monitor,Electronics,5,1258.06,East,240.68
ORD-101352,2023-07-31,CUST-1341,Headphones,Electronics,1,85.97,North,22.8
ORD-100356,2023-01-07,CUST-0033,Keyboard,Office Supplies,5,202.74,South,39.28
ORD-100813,2023-05-10,CUST-1477,T-Shirt,Clothing,4,109.46,Central,36.07
ORD-102255,2023-01-02,CUST-0119,T-Shirt,Clothing,2,49.67,North,13.75
ORD-103599,2023-02-27,CUST-1045,Desk,Furniture,3,934.1,Central,160.03
ORD-104643,2023-01-14,CUST-1320,Laptop,Electronics,3,2513.45,Central,463.63
ORD-100930,2023-04-27,CUST-0935,Monitor,Electronics,4,1027.14,North,167.88
ORD-102625,2023-12-14,CUST-0704,Office Chair,Furniture,4,750.22,South,99.61
ORD-103706,2023-06-19,CUST-0512,Monitor,Electronics,5,1261.68,North,286.73
ORD-101931,2023-03-29,CUST-0714,Jeans,Clothing,1,50.63,East,12.82
ORD-101289,2023-08-16,CUST-1115,T-Shirt,Clothing,3,75.01,West,23.48
ORD-103541,2023-05-08,CUST-0764,T-Shirt,Clothing,5,130.2,South,45.8
ORD-103490,2023-05-11,CUST-0613,T-Shirt,Clothing,2,47.89,South,14.33
ORD-104691,2023-07-15,CUST-0157,Headphones,Electronics,1,97.71,North,23.78
ORD-100758,2023-08-03,CUST-0696,Laptop,Electronics,4,3749.47,South,446.12
ORD-103960,2023-08-17,CUST-0789,Monitor,Electronics,4,930.36,East,104.2
ORD-100901,2023-01-03,CUST-0109,Headphones,Electronics,2,173.47,South,31.99
ORD-103728,2023-06-19,CUST-0699,Keyboard,Office Supplies,3,134.75,South,25.79
ORD-100188,2023-02-12,CUST-1034,Keyboard,Office Supplies,5,212.46,North,36.76
ORD-101451,2023-11-18,CUST-0840,Jeans,Clothing,2,115.04,Central,35.85
ORD-102645,2023-11-12,CUST-0706,Mouse,Office Supplies,2,37.46,South,10.03
ORD-100280,2023-09-18,CUST-0001,Laptop,Electronics,4,3822.16,South,715.1
ORD-100466,2023-04-30,CUST-0176,Jeans,Clothing,4,236.76,South,80.86
ORD-103024,2023-10-12,CUST-0556,Monitor,Electronics,3,802.13,Central,109.38
ORD-100385,2023-02-14,CUST-1020,Notebook Pack,Others,5,60.96,Central,23.95
ORD-102491,2023-02-03,CUST-0781,Office Chair,Furniture,5,940.48,North,111.38
ORD-100456,2023-05-11,CUST-1163,Notebook Pack,Others,2,25.33,South,11.4
ORD-100905,2023-09-30,CUST-0618,Jeans,Clothing,2,99.01,East,29.55
ORD-103596,2023-02-11,CUST-1002,Mouse,Office Supplies,4,74.91,East,23.19
ORD-101101,2023-04-16,CUST-0681,Monitor,Electronics,1,248.69,East,14.96
ORD-102073,2023-11-30,CUST-0259,Mouse,Office Supplies,4,76.46,West,24.25
ORD-102357,2023-05-16,CUST-0487,T-Shirt,Clothing,3,75.41,North,19.3
ORD-102361,2023-01-14,CUST-1248,Laptop,Electronics,1,817.39,East,77.19
ORD-100479,2023-07-26,CUST-0657,Office Chair,Furniture,4,691.36,North,80.2
ORD-102466,2023-10-27,CUST-1388,Mouse,Office Supplies,4,74.29,East,15.5
ORD-104508,2023-09-02,CUST-0875,Keyboard,Office Supplies,2,84.66,East,20.05
ORD-102913,2023-06-22,CUST-0696,Jeans,Clothing,2,120.84,North,31.03
ORD-101399,2023-01-20,CUST-0107,Office Chair,Furniture,3,547.34,East,82.59
ORD-103675,2023-08-21,CUST-1088,Mouse,Office Supplies,5,90.47,South,22.73
ORD-104156,2023-05-26,CUST-0493,Printer,Office Supplies,4,620.54,Central,64.57
ORD-100061,2023-01-03,CUST-1232,Desk,Furniture,1,350.47,South,42.59
ORD-104193,2023-06-24,CUST-0298,Mouse,Office Supplies,1,19.95,North,6.75
ORD-101221,2023-01-18,CUST-0199,Headphones,Electronics,3,271.01,East,66.95
ORD-104773,2023-07-20,CUST-1368,Desk,Furniture,3,984.59,North,99.1
ORD-103765,2023-05-26,CUST-1242,Mouse,Office Supplies,4,80.43,North,22.93
ORD-103723,2023-11-27,CUST-0988,Desk,Furniture,1,341.79,South,54.38
ORD-101310,2023-12-17,CUST-0298,Office Chair,Furniture,3,562.12,East,93.02
ORD-104521,2023-11-19,CUST-1103,Office Chair,Furniture,2,393.53,Central,61.48
ORD-102836,2023-02-13,CUST-0534,Jeans,Clothing,3,149.16,East,31.53
ORD-103400,2023-11-30,CUST-0471,Laptop,Electronics,3,2832.22,North,608.41
ORD-101070,2023-05-18,CUST-0929,Mouse,Office Supplies,5,90.81,West,27.32
ORD-103729,2023-07-12,CUST-1303,Keyboard,Office Supplies,2,92.92,Central,23.35
ORD-104480,2023-12-14,CUST-0802,Desk,Furniture,3,1015.46,South,116.76
ORD-101530,2023-09-07,CUST-0547,Monitor,Electronics,1,253.68,South,35.76
ORD-100011,2023-06-10,CUST-1241,Printer,Office Supplies,1,144.14,North,21.6
ORD-104985,2023-10-06,CUST-0248,Monitor,Electronics,1,246.9,East,36.08
ORD-104286,2023-05-27,CUST-0580,Printer,Office Supplies,3,467.03,East,55.47
ORD-104323,2023-06-13,CUST-1113,Laptop,Electronics,3,2628.43,Central,429.23
ORD-103180,2023-09-04,CUST-0820,Notebook Pack,Others,2,23.54,South,8.52
ORD-104875,2023-05-11,CUST-0020,T-Shirt,Clothing,1,26.17,East,8.27
ORD-101927,2023-04-24,CUST-0317,Keyboard,Office Supplies,2,85.84,Unknown,19.99
ORD-102812,2023-08-21,CUST-1107,Keyboard,Office Supplies,5,223.91,North,64.85
ORD-103344,2023-08-22,CUST-0623,T-Shirt,Clothing,5,130.84,East,37.45
ORD-102655,2023-07-31,CUST-1411,Printer,Office Supplies,4,628.19,East,65.78
ORD-104711,2023-05-21,CUST-1049,Headphones,Electronics,4,324.5,East,100.88
ORD-100419,2023-01-27,CUST-0059,Printer,Office Supplies,2,270.57,South,23.28
ORD-100113,2023-07-20,CUST-0408,T-Shirt,Clothing,1,27.06,East,7.12
ORD-104693,2023-05-05,CUST-0881,Mouse,Office Supplies,2,40.02,West,10.94
ORD-104166,2023-11-18,CUST-0265,Laptop,Electronics,3,2884.84,East,456.89
ORD-100457,2023-03-12,CUST-1032,Desk,Furniture,3,930.45,North,62.42
ORD-101083,2023-07-20,CUST-1316,Mouse,Office Supplies,3,64.34,North,19.62
ORD-100896,2023-09-26,CUST-1350,Headphones,Electronics,2,168.46,East,36.67
ORD-100663,2023-09-29,CUST-0384,Laptop,Electronics,3,2776.62,North,307.29
ORD-104317,2023-03-12,CUST-0803,Mouse,Office Supplies,2,37.27,East,9.12
ORD-103890,2023-10-10,CUST-1356,Smartphone,Electronics,5,2739.52,Central,595.24
ORD-100811,2023-09-24,CUST-1199,Laptop,Electronics,5,4611.55,North,987.31
ORD-101751,2023-06-24,CUST-1434,Smartphone,Electronics,5,3009.46,West,513.23
ORD-103811,2023-10-26,CUST-1377,Smartphone,Electronics,5,3154.19,North,705.71
ORD-101126,2023-04-08,CUST-0835,T-Shirt,Clothing,3,80.75,South,18.44
ORD-100611,2023-08-19,CUST-0836,Jeans,Clothing,2,107.93,South,23.18
ORD-100812,2023-07-04,CUST-1049,Notebook Pack,Others,2,23.16,West,7.66
ORD-101378,2023-02-08,CUST-0953,Jeans,Clothing,4,200.23,East,56.36
ORD-104966,2023-03-03,CUST-1104,Office Chair,Furniture,4,744.21,North,184.24
ORD-101864,2023-11-08,CUST-0378,Jeans,Clothing,5,295.5,South,78.14
ORD-100860,2023-01-09,CUST-0515,Keyboard,Office Supplies,3,131.58,North,39.75
ORD-103753,2023-01-10,CUST-1246,Keyboard,Office Supplies,2,81.39,West,23.43
ORD-104678,2023-09-01,CUST-0734,Laptop,Electronics,1,921.95,West,102.66
ORD-104371,2023-05-28,CUST-0963,Smartphone,Electronics,5,3270.5,North,609.28
ORD-104902,2023-08-21,CUST-0038,Smartphone,Electronics,3,1962.32,West,289.71
ORD-100323,2023-12-09,CUST-0232,T-Shirt,Clothing,2,45.76,North,14.7
ORD-101297,2023-06-08,CUST-0183,Smartphone,Electronics,3,1966.27,East,375.09
ORD-103368,2023-07-18,CUST-1214,Smartphone,Electronics,1,544.1,East,91.25
ORD-102266,2023-04-18,CUST-1499,Keyboard,Office Supplies,5,202.66,North,58.18
ORD-104558,2023-06-23,CUST-0559,Laptop,Electronics,5,4773.81,East,592.53
ORD-104497,2023-10-15,CUST-0726,T-Shirt,Clothing,5,133.39,West,39.48
ORD-102782,2023-07-20,CUST-0280,Jeans,Clothing,3,157.28,East,48.32
ORD-102276,2023-11-13,CUST-1223,T-Shirt,Clothing,2,54.47,East,16.31
ORD-102026,2023-03-04,CUST-0438,Mouse,Office Supplies,2,43.3,North,10.95
ORD-100659,2023-05-06,CUST-0530,Office Chair,Furniture,1,189.83,North,27.79
ORD-104664,2023-06-07,CUST-0106,T-Shirt,Clothing,4,94.19,East,27.96
ORD-102416,2023-12-04,CUST-0308,Headphones,Electronics,5,415.15,West,85.51
ORD-104670,2023-12-06,CUST-0688,Smartphone,Electronics,3,1666.19,North,292.74
ORD-103223,2023-04-04,CUST-1497,Keyboard,Office Supplies,3,145.74,South,35.74
ORD-104883,2023-10-26,CUST-0452,Monitor,Electronics,5,1246.88,South,146.79
ORD-103808,2023-01-27,CUST-1358,Notebook Pack,Others,2,25.64,South,10.4
ORD-100307,2023-03-21,CUST-1365,Jeans,Clothing,4,234.76,Unknown,63.42
ORD-102794,2023-06-19,CUST-0608,Mouse,Office Supplies,3,62.22,South,19.0
ORD-103183,2023-09-10,CUST-0647,Smartphone,Electronics,3,1919.72,West,450.04
ORD-103078,2023-12-05,CUST-1318,Jeans,Clothing,2,103.89,West,28.51
ORD-102916,2023-10-23,CUST-1303,Headphones,Electronics,2,180.07,East,43.71
ORD-101694,2023-11-16,CUST-1043,Jeans,Clothing,2,118.1,North,37.8
ORD-101004,2023-08-12,CUST-1219,Jeans,Clothing,5,253.1,South,63.29
ORD-101182,2023-08-12,CUST-1356,Laptop,Electronics,3,2683.22,South,426.91
ORD-100153,2023-06-28,CUST-0178,T-Shirt,Clothing,3,70.71,North,23.83
ORD-103590,2023-03-14,CUST-0364,Mouse,Office Supplies,1,19.31,West,6.21
ORD-100485,2023-04-22,CUST-0133,Office Chair,Furniture,2,383.47,Central,37.3
ORD-101686,2023-08-23,CUST-0654,T-Shirt,Clothing,5,136.36,North,43.97
ORD-104954,2023-06-10,CUST-0228,Headphones,Electronics,4,376.0,East,82.6
ORD-100321,2023-12-28,CUST-0470,T-Shirt,Clothing,5,127.7,West,36.91
ORD-102562,2023-09-12,CUST-0744,Keyboard,Office Supplies,2,96.83,North,23.44
ORD-102979,2023-12-28,CUST-0058,Mouse,Office Supplies,2,36.83,South,8.54
ORD-100394,2023-04-08,CUST-0268,Laptop,Electronics,2,1697.44,West,203.99
ORD-102669,2023-09-30,CUST-0581,Desk,Furniture,4,1322.12,North,107.68
ORD-103393,2023-05-06,CUST-0923,Laptop,Electronics,1,975.54,East,208.46
ORD-102844,2023-09-11,CUST-1047,Headphones,Electronics,3,283.49,West,67.72
ORD-101857,2023-11-17,CUST-0008,Headphones,Electronics,1,94.75,West,17.67
ORD-102399,2023-12-28,CUST-0390,T-Shirt,Clothing,1,23.03,South,8.61
ORD-100972,2023-10-10,CUST-1001,Smartphone,Electronics,1,624.09,Central,115.94
ORD-103209,2023-09-25,CUST-0436,Laptop,Electronics,5,4077.82,South,749.44
ORD-104596,2023-08-14,CUST-0832,Desk,Furniture,1,317.24,Central,45.33
ORD-100582,2023-08-20,CUST-0853,Smartphone,Electronics,4,2493.24,East,497.95
ORD-104419,2023-08-16,CUST-0697,T-Shirt,Clothing,4,107.13,North,28.93
ORD-103616,2023-09-06,CUST-1491,Office Chair,Furniture,5,811.71,Central,85.12
ORD-103266,2023-08-25,CUST-0874,Smartphone,Electronics,3,1755.73,North,308.23
ORD-103676,2023-05-08,CUST-0359,Monitor,Electronics,5,1281.65,East,160.67
ORD-101029,2023-02-10,CUST-1481,Office Chair,Furniture,2,359.79,North,43.91
ORD-100406,2023-04-19,CUST-0261,Headphones,Electronics,3,256.01,East,50.64
ORD-100540,2023-06-22,CUST-1151,Notebook Pack,Others,3,35.05,Central,11.59
ORD-100287,2023-12-06,CUST-0144,Office Chair,Furniture,2,335.21,South,58.18
ORD-102860,2023-12-05,CUST-1265,Office Chair,Furniture,3,580.99,Central,88.16
ORD-100136,2023-05-22,CUST-0471,Notebook Pack,Others,2,21.87,West,7.57
ORD-100215,2023-04-16,CUST-1277,Keyboard,Office Supplies,5,222.83,South,54.3
ORD-102489,2023-03-02,CUST-0809,Jeans,Clothing,3,173.24,West,45.87
ORD-102052,2023-10-15,CUST-1121,Desk,Furniture,4,1329.51,East,212.59
ORD-100010,2023-08-27,CUST-0990,Office Chair,Furniture,2,335.02,West,64.46
ORD-104537,2023-11-30,CUST-1397,Mouse,Office Supplies,1,19.16,South,4.37
ORD-103139,2023-11-24,CUST-0980,Office Chair,Furniture,4,693.85,South,49.33
ORD-102063,2023-06-16,CUST-0293,Laptop,Electronics,1,912.11,South,156.13
ORD-102464,2023-12-18,CUST-1312,Headphones,Electronics,2,184.51,North,41.25
ORD-104082,2023-01-07,CUST-0773,Keyboard,Office Supplies,2,94.16,North,27.42
ORD-104606,2023-12-05,CUST-1129,Mouse,Office Supplies,1,21.81,West,6.19
ORD-104788,2023-11-20,CUST-1042,Smartphone,Electronics,5,3145.87,South,563.0
ORD-100390,2023-02-09,CUST-0776,Jeans,Clothing,1,54.67,South,14.91
ORD-104766,2023-03-17,CUST-0409,Jeans,Clothing,1,53.59,Central,17.51
ORD-100371,2023-11-13,CUST-1117,Headphones,Electronics,3,245.91,North,67.66
ORD-102581,2023-09-20,CUST-0949,Mouse,Office Supplies,3,65.75,South,15.27
ORD-100178,2023-10-31,CUST-1331,Mouse,Office Supplies,4,81.0,Unknown,24.01
ORD-102195,2023-07-16,CUST-1341,Mouse,Office Supplies,5,107.36,South,30.21
ORD-102621,2023-02-27,CUST-1280,Notebook Pack,Others,1,11.26,East,3.67
ORD-103365,2023-08-05,CUST-0776,Monitor,Electronics,3,731.58,East,102.13
ORD-100793,2023-04-24,CUST-1115,Laptop,Electronics,2,1688.1,South,246.14
ORD-104010,2023-10-01,CUST-0830,Headphones,Electronics,5,413.38,South,80.61
ORD-102954,2023-04-05,CUST-0444,T-Shirt,Clothing,3,82.36,West,23.29
ORD-103470,2023-08-12,CUST-1123,Desk,Furniture,3,948.85,North,107.79
ORD-100614,2023-08-02,CUST-0184,Headphones,Electronics,2,183.99,Central,47.37
ORD-100062,2023-11-07,CUST-0952,T-Shirt,Clothing,3,75.67,South,21.39
ORD-101801,2023-11-01,CUST-0775,Jeans,Clothing,2,108.66,West,29.52
ORD-102475,2023-09-02,CUST-1307,Laptop,Electronics,2,1855.93,South,280.23
ORD-104572,2023-05-08,CUST-0903,Smartphone,Electronics,3,1928.52,South,305.59
ORD-102132,2023-04-23,CUST-0776,Notebook Pack,Others,2,26.13,North,7.96
ORD-104607,2023-06-24,CUST-0648,Headphones,Electronics,1,97.66,Central,22.29
ORD-104998,2023-06-21,CUST-0153,Monitor,Electronics,4,1034.16,East,138.66
ORD-104615,2023-10-15,CUST-0101,Headphones,Electronics,1,85.96,South,19.89
ORD-102153,2023-08-17,CUST-0541,Mouse,Office Supplies,3,58.41,North,19.19
ORD-102727,2023-02-17,CUST-0799,Smartphone,Electronics,3,1966.21,West,282.04
ORD-103412,2023-06-09,CUST-0128,T-Shirt,Clothing,5,125.63,West,30.9
ORD-100882,2023-05-18,CUST-0204,Printer,Office Supplies,1,143.65,Central,8.18
ORD-101936,2023-05-08,CUST-0738,T-Shirt,Clothing,3,79.3,Central,23.06
ORD-102882,2023-09-13,CUST-0473,T-Shirt,Clothing,3,75.57,South,24.47
ORD-101680,2023-04-10,CUST-1307,Keyboard,Office Supplies,5,214.7,North,57.85
ORD-104925,2023-01-15,CUST-0332,Monitor,Electronics,1,256.06,Central,41.62
ORD-102159,2023-11-09,CUST-1146,Laptop,Electronics,2,1830.11,West,247.95
ORD-102183,2023-02-12,CUST-0191,Smartphone,Electronics,4,2196.34,North,461.47
ORD-100837,2023-02-23,CUST-1027,Notebook Pack,Others,2,25.81,East,7.4
ORD-100546,2023-11-08,CUST-0686,Office Chair,Furniture,2,363.85,North,57.63
ORD-103215,2023-03-22,CUST-0264,Keyboard,Office Supplies,2,96.75,East,23.08
ORD-100343,2023-08-17,CUST-1166,T-Shirt,Clothing,5,116.64,South,26.81
ORD-103745,2023-06-09,CUST-0596,Keyboard,Office Supplies,5,243.53,East,61.8
ORD-101639,2023-05-30,CUST-0975,Keyboard,Office Supplies,1,44.25,North,11.65
ORD-100362,2023-07-21,CUST-0057,Smartphone,Electronics,5,3101.5,North,554.87
ORD-102488,2023-02-22,CUST-1083,Smartphone,Electronics,5,3037.04,West,504.14
ORD-102709,2023-04-10,CUST-0713,Jeans,Clothing,1,57.43,East,20.09
ORD-100149,2023-12-26,CUST-0525,Laptop,Electronics,4,3921.64,West,717.38
ORD-103101,2023-11-12,CUST-1286,Smartphone,Electronics,2,1236.12,North,171.37
ORD-102010,2023-02-22,CUST-1084,Laptop,Electronics,1,820.42,South,178.92
ORD-103398,2023-07-28,CUST-1421,Keyboard,Office Supplies,2,97.26,South,22.55
ORD-104013,2023-10-24,CUST-0236,Laptop,Electronics,4,3701.28,North,596.6
ORD-102798,2023-07-16,CUST-0707,Jeans,Clothing,3,149.84,North,46.32
ORD-104867,2023-02-18,CUST-1293,Headphones,Electronics,1,84.85,West,19.4
ORD-100196,2023-08-10,CUST-0489,T-Shirt,Clothing,3,81.57,Central,28.63
ORD-102791,2023-10-05,CUST-0195,Laptop,Electronics,4,3273.06,Central,382.96
ORD-104750,2023-08-29,CUST-1297,Smartphone,Electronics,1,543.81,North,105.63
ORD-100581,2023-05-02,CUST-1013,T-Shirt,Clothing,4,94.28,North,37.2
ORD-104170,2023-09-24,CUST-0175,Notebook Pack,Others,3,38.04,Central,12.23
ORD-102233,2023-05-22,CUST-1032,Notebook Pack,Others,1,12.59,West,4.2
ORD-104704,2023-07-29,CUST-1321,Smartphone,Electronics,5,2935.5,East,707.8
ORD-102442,2023-11-30,CUST-0686,Smartphone,Electronics,1,614.58,North,133.61
ORD-101197,2023-07-29,CUST-0582,Jeans,Clothing,4,209.19,West,72.4
ORD-103773,2023-06-05,CUST-0039,Mouse,Office Supplies,3,59.84,North,17.24
ORD-101093,2023-12-21,CUST-0783,Headphones,Electronics,4,326.34,Central,89.02
ORD-102300,2023-10-07,CUST-0353,Notebook Pack,Others,3,34.3,South,11.35
ORD-103846,2023-06-19,CUST-0628,Keyboard,Office Supplies,2,96.54,East,25.63
ORD-100720,2023-06-01,CUST-0796,T-Shirt,Clothing,2,53.61,Central,18.25
ORD-101312,2023-09-15,CUST-0905,T-Shirt,Clothing,3,80.99,North,22.75
ORD-101690,2023-02-08,CUST-0397,Mouse,Office Supplies,5,93.17,East,27.38
ORD-101414,2023-06-13,CUST-0099,Smartphone,Electronics,3,1810.59,East,339.98
ORD-102017,2023-10-13,CUST-0442,Laptop,Electronics,2,1794.58,North,314.29
ORD-102744,2023-04-24,CUST-0242,Office Chair,Furniture,3,535.03,West,49.29
ORD-104001,2023-09-29,CUST-0722,Office Chair,Furniture,1,197.37,West,21.09
ORD-103613,2023-07-12,CUST-0619,Mouse,Office Supplies,2,43.11,North,11.33
ORD-100020,2023-03-16,CUST-0521,Keyboard,Office Supplies,5,240.98,West,78.81
ORD-102525,2023-01-20,CUST-1136,Smartphone,Electronics,2,1176.8,Central,179.66
ORD-100193,2023-09-09,CUST-0193,Mouse,Office Supplies,5,96.06,North,29.01
ORD-102493,2023-12-09,CUST-1205,Printer,Office Supplies,5,685.89,East,106.53
ORD-101395,2023-11-25,CUST-1167,Smartphone,Electronics,5,2865.8,West,342.92
ORD-101889,2023-01-14,CUST-0499,Desk,Furniture,3,1014.97,West,112.17
ORD-102718,2023-11-01,CUST-0307,Laptop,Electronics,2,1700.39,East,232.37
ORD-103202,2023-11-05,CUST-0354,Printer,Office Supplies,3,432.83,Central,49.94
ORD-101684,2023-08-12,CUST-0751,Smartphone,Electronics,1,589.16,South,101.72
ORD-104543,2023-12-02,CUST-0871,T-Shirt,Clothing,4,101.26,East,32.26
ORD-101708,2023-06-05,CUST-0178,Mouse,Office Supplies,1,20.57,East,5.76
ORD-104081,2023-08-29,CUST-0992,Headphones,Electronics,4,339.3,East,80.25
ORD-100400,2023-12-29,CUST-1185,Monitor,Electronics,1,239.63,West,27.72
ORD-100395,2023-05-06,CUST-1429,Desk,Furniture,4,1389.18,West,246.44
ORD-102689,2023-04-14,CUST-1355,T-Shirt,Clothing,4,95.59,North,32.57
ORD-100194,2023-11-25,CUST-0673,Smartphone,Electronics,5,3055.92,South,519.57
ORD-103855,2023-11-29,CUST-1401,Headphones,Electronics,1,89.93,East,16.69
ORD-102816,2023-06-16,CUST-0260,Headphones,Electronics,5,460.91,East,81.93
ORD-101556,2023-05-13,CUST-0398,Printer,Office Supplies,1,141.35,Central,19.14
ORD-100806,2023-09-26,CUST-0443,Keyboard,Office Supplies,3,143.79,East,48.46
ORD-103190,2023-10-09,CUST-1092,Smartphone,Electronics,4,2607.44,North,506.51
ORD-101117,2023-09-02,CUST-0440,Mouse,Office Supplies,3,65.96,North,18.22
ORD-100133,2023-08-16,CUST-1358,Monitor,Electronics,3,750.11,South,146.89
ORD-104720,2023-07-28,CUST-0030,Desk,Furniture,4,1268.72,South,114.73
ORD-101782,2023-11-06,CUST-0603,Headphones,Electronics,1,81.05,South,16.74
ORD-104112,2023-04-26,CUST-0159,Keyboard,Office Supplies,4,184.93,East,28.4
ORD-101509,2023-02-01,CUST-1454,Keyboard,Office Supplies,4,166.15,East,51.87
ORD-104298,2023-04-22,CUST-0072,T-Shirt,Clothing,5,122.49,South,37.63
ORD-100750,2023-07-10,CUST-0123,Headphones,Electronics,2,163.84,North,29.87
ORD-102480,2023-12-19,CUST-0226,T-Shirt,Clothing,5,122.55,South,34.67
ORD-104087,2023-03-26,CUST-0224,Jeans,Clothing,5,277.43,North,82.23
ORD-100328,2023-08-12,CUST-0243,Jeans,Clothing,1,55.85,West,16.57
ORD-101354,2023-12-27,CUST-1410,Mouse,Office Supplies,5,104.23,West,30.59
ORD-101904,2023-07-05,CUST-1104,Jeans,Clothing,1,52.45,North,10.97
ORD-102725,2023-07-09,CUST-1253,Keyboard,Office Supplies,3,140.22,West,35.36
ORD-103388,2023-05-15,CUST-0805,Desk,Furniture,3,1018.41,East,162.21
ORD-103591,2023-07-22,CUST-1069,Monitor,Electronics,5,1202.61,East,121.11
ORD-101209,2023-07-20,CUST-1145,Office Chair,Furniture,2,324.0,Central,29.86
ORD-102631,2023-07-04,CUST-1032,T-Shirt,Clothing,5,133.14,East,46.84
ORD-101116,2023-05-06,CUST-0219,Smartphone,Electronics,5,2822.48,North,615.99
ORD-104882,2023-09-25,CUST-0321,Jeans,Clothing,1,49.85,North,14.67
ORD-100118,2023-07-05,CUST-0401,Desk,Furniture,3,948.78,West,154.47
ORD-103115,2023-02-22,CUST-0472,Jeans,Clothing,2,100.24,South,29.88
ORD-104227,2023-07-13,CUST-0617,Smartphone,Electronics,2,1202.28,North,189.58
ORD-100345,2023-11-02,CUST-1460,Mouse,Office Supplies,1,21.84,South,5.65
ORD-103178,2023-04-30,CUST-0641,Laptop,Electronics,2,1920.59,North,347.03
ORD-100977,2023-05-31,CUST-0725,Office Chair,Furniture,4,774.34,North,97.01
ORD-102265,2023-09-22,CUST-1466,Smartphone,Electronics,5,3035.17,South,765.49
ORD-100282,2023-01-15,CUST-0946,Headphones,Electronics,3,294.14,South,73.42
ORD-101972,2023-07-28,CUST-0386,Keyboard,Office Supplies,1,48.53,East,13.46
ORD-100516,2023-10-29,CUST-0784,Monitor,Electronics,3,760.62,North,107.29
ORD-104748,2023-04-19,CUST-1184,Mouse,Office Supplies,2,38.21,North,8.66
ORD-103995,2023-05-23,CUST-0912,Laptop,Electronics,2,1939.88,Unknown,132.01
ORD-101960,2023-11-27,CUST-0260,Jeans,Clothing,2,119.14,West,39.31
ORD-102306,2023-12-08,CUST-1095,T-Shirt,Clothing,1,24.09,East,8.34
ORD-104121,2023-03-04,CUST-0718,Mouse,Office Supplies,3,56.52,North,15.88
ORD-101161,2023-09-12,CUST-0383,Jeans,Clothing,3,156.61,East,39.17
ORD-101711,2023-10-27,CUST-0363,Office Chair,Furniture,3,539.06,Central,74.16
ORD-103431,2023-11-03,CUST-0980,T-Shirt,Clothing,2,50.8,Central,14.02
ORD-100171,2023-05-31,CUST-0634,T-Shirt,Clothing,2,51.71,East,17.88
ORD-101233,2023-06-10,CUST-1466,Jeans,Clothing,3,162.54,Central,40.53
ORD-101827,2023-04-10,CUST-0302,T-Shirt,Clothing,2,45.14,South,16.57
ORD-104066,2023-06-16,CUST-1359,Headphones,Electronics,2,181.76,North,34.84
ORD-100317,2023-06-16,CUST-1322,Jeans,Clothing,5,250.83,East,55.62
ORD-102618,2023-01-13,CUST-0089,Mouse,Office Supplies,2,43.52,East,12.41
ORD-102286,2023-06-19,CUST-0987,Mouse,Office Supplies,3,60.74,East,13.29
ORD-104466,2023-08-24,CUST-1013,Smartphone,Electronics,4,2276.64,East,234.08
ORD-103955,2023-03-13,CUST-1483,T-Shirt,Clothing,5,132.05,South,50.18
ORD-104486,2023-09-02,CUST-0924,Keyboard,Office Supplies,2,93.27,South,29.26
ORD-100958,2023-08-29,CUST-0361,T-Shirt,Clothing,1,23.91,West,7.13
ORD-102192,2023-06-06,CUST-0605,Keyboard,Office Supplies,5,214.4,West,50.87
ORD-104208,2023-10-19,CUST-0705,Desk,Furniture,5,1538.1,West,207.33
ORD-102418,2023-02-23,CUST-0338,Laptop,Electronics,3,2455.42,West,376.14
ORD-102617,2023-05-08,CUST-0954,Mouse,Office Supplies,4,75.91,South,22.15
ORD-101132,2023-08-13,CUST-1336,Laptop,Electronics,1,870.83,North,129.36
ORD-102269,2023-05-01,CUST-0080,Mouse,Office Supplies,4,83.88,South,21.1
ORD-104502,2023-07-06,CUST-0144,Jeans,Clothing,1,55.91,North,14.88
ORD-104194,2023-04-14,CUST-1279,Headphones,Electronics,5,489.62,East,131.27
ORD-104416,2023-11-24,CUST-0815,T-Shirt,Clothing,3,74.64,East,22.1
ORD-100195,2023-08-23,CUST-0034,Smartphone,Electronics,3,1890.56,East,309.67
ORD-103179,2023-07-07,CUST-0656,T-Shirt,Clothing,1,26.74,Unknown,9.41
ORD-102678,2023-08-02,CUST-1083,Keyboard,Office Supplies,1,46.21,South,11.77
ORD-102355,2023-05-12,CUST-0675,Mouse,Office Supplies,2,43.99,Central,8.79
ORD-103730,2023-04-22,CUST-0285,Notebook Pack,Others,3,38.86,North,14.71
ORD-101922,2023-01-30,CUST-0437,T-Shirt,Clothing,1,26.59,South,6.65
ORD-102071,2023-11-16,CUST-0656,Desk,Furniture,3,911.8,West,88.1
ORD-101620,2023-10-25,CUST-1043,Headphones,Electronics,4,374.15,North,101.5
ORD-104252,2023-11-17,CUST-0804,Smartphone,Electronics,4,2432.2,South,425.72
ORD-102613,2023-09-10,CUST-1194,Keyboard,Office Supplies,1,45.95,South,10.53
ORD-102188,2023-03-06,CUST-0847,Headphones,Electronics,3,248.77,West,57.39
ORD-102051,2023-11-14,CUST-0708,Laptop,Electronics,1,860.19,Central,113.9
ORD-100247,2023-07-22,CUST-0919,Office Chair,Furniture,3,517.79,West,70.61
ORD-103798,2023-07-10,CUST-0347,Office Chair,Furniture,3,587.02,South,35.78
ORD-101413,2023-11-26,CUST-1462,Notebook Pack,Others,2,26.16,Central,8.91
ORD-103305,2023-09-02,CUST-0601,Laptop,Electronics,5,4715.49,South,463.97
ORD-102449,2023-07-06,CUST-0159,T-Shirt,Clothing,5,121.22,North,35.89
ORD-101650,2023-07-01,CUST-1484,Headphones,Electronics,1,86.31,West,15.35
ORD-100859,2023-08-08,CUST-0834,T-Shirt,Clothing,3,82.31,North,23.73
ORD-103397,2023-09-21,CUST-0825,Smartphone,Electronics,5,2974.33,North,456.35
ORD-100229,2023-02-12,CUST-1375,Smartphone,Electronics,1,632.58,Central,146.64
ORD-103356,2023-08-25,CUST-1211,T-Shirt,Clothing,5,113.01,West,24.54
ORD-102909,2023-09-01,CUST-0513,T-Shirt,Clothing,5,135.65,North,42.29
ORD-100431,2023-06-13,CUST-1445,Keyboard,Office Supplies,2,92.94,East,25.07
ORD-101231,2023-03-24,CUST-1266,T-Shirt,Clothing,5,133.83,East,52.15
ORD-104200,2023-11-02,CUST-0972,Headphones,Electronics,5,472.31,West,121.97
ORD-102733,2023-06-07,CUST-0790,Monitor,Electronics,4,932.54,East,131.78
ORD-102999,2023-08-03,CUST-1081,Smartphone,Electronics,3,1733.34,North,203.11
ORD-101809,2023-06-19,CUST-0722,Laptop,Electronics,1,875.07,Central,104.1
ORD-100952,2023-12-03,CUST-1334,Headphones,Electronics,5,456.13,West,138.42
ORD-103938,2023-10-23,CUST-0348,T-Shirt,Clothing,5,119.02,South,29.36
ORD-101997,2023-11-11,CUST-1316,Monitor,Electronics,1,262.76,South,33.23
ORD-104290,2023-07-25,CUST-0773,Laptop,Electronics,2,1633.47,Central,287.59
ORD-100762,2023-10-22,CUST-0908,Laptop,Electronics,3,2638.34,North,275.43
ORD-104832,2023-06-12,CUST-1469,Jeans,Clothing,4,225.8,North,83.87
ORD-100047,2023-08-18,CUST-0866,Headphones,Electronics,2,174.19,West,41.0
ORD-103736,2023-06-24,CUST-0347,Headphones,Electronics,5,424.89,South,88.84
ORD-104523,2023-10-29,CUST-0752,Mouse,Office Supplies,3,59.81,Central,22.87
ORD-104271,2023-09-05,CUST-0367,T-Shirt,Clothing,4,91.53,South,17.71
ORD-103167,2023-03-06,CUST-1115,Smartphone,Electronics,2,1251.86,West,238.36
ORD-101553,2023-09-16,CUST-1431,Office Chair,Furniture,3,590.7,North,97.18
ORD-101097,2023-09-02,CUST-0197,Mouse,Office Supplies,5,91.62,South,23.24
ORD-100023,2023-07-14,CUST-1048,Printer,Office Supplies,2,302.44,North,58.09
ORD-101629,2023-07-11,CUST-0271,Office Chair,Furniture,1,162.83,West,20.72
ORD-104935,2023-03-07,CUST-0448,Smartphone,Electronics,2,1315.67,North,247.64
ORD-101589,2023-10-09,CUST-0172,Smartphone,Electronics,1,600.64,East,112.23
ORD-102226,2023-03-15,CUST-0274,Keyboard,Office Supplies,2,88.25,North,27.07
ORD-102392,2023-06-22,CUST-1041,Office Chair,Furniture,2,364.68,North,43.05
ORD-102378,2023-10-13,CUST-0635,Smartphone,Electronics,1,628.41,North,120.49
ORD-101318,2023-10-13,CUST-0558,Keyboard,Office Supplies,4,176.87,South,50.92
ORD-103448,2023-04-29,CUST-1261,Monitor,Electronics,1,246.43,North,34.33
ORD-102614,2023-06-13,CUST-1173,Headphones,Electronics,3,261.86,West,46.04
ORD-104481,2023-07-27,CUST-1256,Jeans,Clothing,4,201.59,North,56.8
ORD-103525,2023-11-29,CUST-0327,Desk,Furniture,2,627.38,East,84.62
ORD-101895,2023-09-01,CUST-0405,Smartphone,Electronics,1,632.22,North,109.8
ORD-100698,2023-10-06,CUST-0303,Jeans,Clothing,4,225.26,East,64.97
ORD-101910,2023-03-18,CUST-0686,Laptop,Electronics,5,4466.27,North,886.79
ORD-102333,2023-08-08,CUST-0714,Smartphone,Electronics,3,1922.45,West,403.72
ORD-101030,2023-03-16,CUST-0315,T-Shirt,Clothing,4,108.35,East,28.78
ORD-101305,2023-08-04,CUST-1258,Printer,Office Supplies,2,315.57,East,38.42
ORD-102435,2023-09-11,CUST-0147,Notebook Pack,Others,2,25.61,West,10.15
ORD-100908,2023-12-16,CUST-1365,Headphones,Electronics,2,175.53,West,41.0
ORD-102116,2023-03-28,CUST-0572,Headphones,Electronics,4,354.2,East,84.86
ORD-102923,2023-09-27,CUST-0825,Jeans,Clothing,2,109.92,West,27.73
ORD-101235,2023-11-02,CUST-0178,Smartphone,Electronics,5,2758.23,North,598.46
ORD-100692,2023-09-12,CUST-1165,Headphones,Electronics,3,266.67,East,52.98
ORD-100070,2023-03-28,CUST-0550,Headphones,Electronics,3,244.11,South,57.25
ORD-100649,2023-02-23,CUST-0627,Laptop,Electronics,4,3361.93,East,886.47
ORD-101756,2023-01-08,CUST-0810,Smartphone,Electronics,1,570.33,South,85.0
ORD-101130,2023-10-03,CUST-0488,Notebook Pack,Others,1,10.86,North,4.16
ORD-104282,2023-05-03,CUST-0212,Jeans,Clothing,1,57.78,Central,15.35
ORD-103123,2023-05-09,CUST-0796,Desk,Furniture,2,603.75,West,92.55
ORD-102428,2023-11-26,CUST-0826,Jeans,Clothing,1,55.89,North,14.95
ORD-102801,2023-02-28,CUST-1425,T-Shirt,Clothing,2,53.27,North,14.46
ORD-101374,2023-08-23,CUST-0620,Notebook Pack,Others,4,49.4,Central,15.5
ORD-103070,2023-07-05,CUST-1218,Laptop,Electronics,4,3754.82,South,554.22
ORD-102008,2023-07-06,CUST-0932,Smartphone,Electronics,1,616.61,North,76.62
ORD-103280,2023-08-26,CUST-1486,Jeans,Clothing,2,101.23,West,31.81
ORD-100536,2023-02-16,CUST-0501,T-Shirt,Clothing,2,50.19,East,15.26
ORD-100671,2023-10-11,CUST-0495,T-Shirt,Clothing,1,22.81,East,5.61
ORD-103003,2023-04-30,CUST-0698,Keyboard,Office Supplies,4,174.97,North,48.18
ORD-103678,2023-11-22,CUST-0195,Headphones,Electronics,5,478.48,Central,110.26
ORD-103661,2023-06-30,CUST-0173,Printer,Office Supplies,2,275.94,North,6.23
ORD-104052,2023-04-10,CUST-0481,T-Shirt,Clothing,4,102.21,South,28.47
ORD-100116,2023-12-24,CUST-0918,Keyboard,Office Supplies,4,164.35,Central,48.09
ORD-100656,2023-10-08,CUST-0504,Mouse,Office Supplies,2,37.81,North,10.11
ORD-101497,2023-12-20,CUST-1220,Jeans,Clothing,5,291.15,North,84.67
ORD-102989,2023-11-06,CUST-0199,Jeans,Clothing,2,117.99,East,34.47
ORD-104555,2023-08-28,CUST-0062,Keyboard,Office Supplies,2,85.2,Central,19.17
ORD-102252,2023-07-05,CUST-0992,Office Chair,Furniture,5,989.0,South,114.5
ORD-103234,2023-03-08,CUST-0184,Smartphone,Electronics,3,1850.5,North,293.01
ORD-103720,2023-05-02,CUST-1130,Jeans,Clothing,4,239.3,East,69.61
ORD-104742,2023-01-16,CUST-0131,Keyboard,Office Supplies,3,124.77,East,35.69
ORD-104710,2023-11-22,CUST-0817,Mouse,Office Supplies,4,77.67,South,24.82
ORD-104695,2023-06-24,CUST-0862,Jeans,Clothing,3,157.74,Central,46.62
ORD-104771,2023-10-16,CUST-0521,Office Chair,Furniture,4,658.33,North,123.35
ORD-100888,2023-04-14,CUST-1005,Smartphone,Electronics,2,1308.92,East,258.26
ORD-102758,2023-10-27,CUST-0272,Jeans,Clothing,1,52.17,East,16.83
ORD-103229,2023-12-26,CUST-1463,T-Shirt,Clothing,3,78.28,West,26.49
ORD-103777,2023-08-11,CUST-0237,Laptop,Electronics,2,1718.32,East,184.49
ORD-103041,2023-12-20,CUST-0663,Printer,Office Supplies,4,651.22,South,49.16
ORD-103193,2023-03-31,CUST-0502,Keyboard,Office Supplies,4,176.12,West,36.27
ORD-103061,2023-04-11,CUST-0345,Desk,Furniture,2,576.95,West,56.09
ORD-100605,2023-09-22,CUST-0587,Keyboard,Office Supplies,1,44.32,East,14.22
ORD-101759,2023-04-13,CUST-0799,Printer,Office Supplies,5,802.69,Central,105.4
ORD-101396,2023-09-01,CUST-0184,T-Shirt,Clothing,3,73.75,South,16.87
ORD-102903,2023-04-14,CUST-0624,Notebook Pack,Others,4,44.97,West,15.69
ORD-104908,2023-09-25,CUST-0573,Jeans,Clothing,5,300.31,Central,71.82
ORD-100718,2023-04-15,CUST-0518,Jeans,Clothing,1,54.82,North,17.95
ORD-104288,2023-10-17,CUST-0836,Notebook Pack,Others,2,22.92,East,8.8
ORD-103788,2023-03-23,CUST-0531,Monitor,Electronics,4,1096.17,North,150.11
ORD-100219,2023-11-02,CUST-0937,Office Chair,Furniture,5,900.18,South,116.31
ORD-101203,2023-01-25,CUST-0333,Keyboard,Office Supplies,1,47.06,South,12.05
ORD-100004,2023-04-06,CUST-1107,Laptop,Electronics,1,898.83,South,151.45
ORD-102400,2023-01-19,CUST-1099,T-Shirt,Clothing,1,26.73,Central,7.99
ORD-104469,2023-08-10,CUST-0966,Headphones,Electronics,4,345.64,North,64.24
ORD-104146,2023-05-26,CUST-0520,Laptop,Electronics,1,934.8,North,148.87
ORD-100914,2023-01-07,CUST-0032,Notebook Pack,Others,2,26.17,Central,9.34
ORD-100829,2023-09-23,CUST-1177,Headphones,Electronics,1,82.99,East,17.1
ORD-103478,2023-05-24,CUST-1283,Printer,Office Supplies,5,782.94,North,36.42
ORD-103580,2023-05-08,CUST-1223,Keyboard,Office Supplies,3,127.57,West,36.62
ORD-102094,2023-07-29,CUST-0055,Printer,Office Supplies,5,805.35,East,81.77
ORD-101830,2023-07-23,CUST-1353,Desk,Furniture,5,1527.92,Central,57.9
ORD-101303,2023-06-12,CUST-1178,Headphones,Electronics,4,353.78,North,66.79
ORD-102319,2023-12-06,CUST-0803,Printer,Office Supplies,1,164.03,North,16.08
ORD-103974,2023-10-20,CUST-1073,Laptop,Electronics,2,1838.38,North,352.71
ORD-103113,2023-11-08,CUST-0516,Jeans,Clothing,3,160.02,West,38.07
ORD-101211,2023-07-23,CUST-1110,Mouse,Office Supplies,4,80.04,Central,21.64
ORD-104974,2023-11-05,CUST-0912,T-Shirt,Clothing,1,23.32,North,6.01
ORD-102518,2023-09-18,CUST-1014,T-Shirt,Clothing,1,24.37,North,6.59
ORD-102325,2023-05-05,CUST-1187,Notebook Pack,Others,5,60.56,South,19.4
ORD-102609,2023-09-21,CUST-1137,Monitor,Electronics,3,736.89,North,39.66
ORD-102640,2023-12-26,CUST-1142,Keyboard,Office Supplies,2,94.48,Central,26.65
ORD-101467,2023-11-23,CUST-1089,Headphones,Electronics,4,395.07,North,63.61
ORD-104424,2023-12-10,CUST-1076,T-Shirt,Clothing,2,49.92,Central,14.9
ORD-102888,2023-11-08,CUST-0161,Smartphone,Electronics,1,641.97,Unknown,60.36
ORD-102496,2023-05-10,CUST-0109,T-Shirt,Clothing,4,108.43,East,40.03
ORD-100883,2023-10-24,CUST-0577,Desk,Furniture,3,1022.24,North,53.1
ORD-103170,2023-09-29,CUST-0622,Notebook Pack,Others,3,37.7,East,10.47
ORD-100864,2023-10-24,CUST-1033,Smartphone,Electronics,2,1236.86,Central,250.79
ORD-104076,2023-04-06,CUST-1058,Jeans,Clothing,3,162.93,West,51.0
ORD-101558,2023-11-15,CUST-0451,Jeans,Clothing,2,104.67,North,28.27
ORD-103654,2023-08-24,CUST-0789,Monitor,Electronics,2,538.21,East,74.36
ORD-103517,2023-05-31,CUST-0493,Smartphone,Electronics,3,1968.01,North,321.52
ORD-102693,2023-12-15,CUST-0296,Notebook Pack,Others,4,48.57,East,15.77
ORD-100514,2023-05-09,CUST-1217,Monitor,Electronics,5,1165.74,East,117.41
ORD-100041,2023-12-02,CUST-0355,Mouse,Office Supplies,3,63.87,Central,15.22
ORD-100745,2023-01-12,CUST-1464,T-Shirt,Clothing,1,23.4,East,8.73
ORD-102453,2023-06-27,CUST-1475,Mouse,Office Supplies,3,54.73,Central,10.47
ORD-103373,2023-12-10,CUST-0536,Smartphone,Electronics,2,1182.07,North,231.68
ORD-102469,2023-05-09,CUST-1070,Monitor,Electronics,5,1178.15,South,171.82
ORD-104423,2023-10-15,CUST-0950,Headphones,Electronics,4,392.57,South,82.03
ORD-103567,2023-01-23,CUST-0495,T-Shirt,Clothing,4,95.36,South,22.25
ORD-104003,2023-11-26,CUST-1373,Headphones,Electronics,5,430.32,West,76.89
ORD-102502,2023-03-09,CUST-0695,Notebook Pack,Others,3,33.19,South,9.18
ORD-102930,2023-05-29,CUST-0499,T-Shirt,Clothing,3,73.69,North,21.76
ORD-100897,2023-07-16,CUST-0396,Smartphone,Electronics,2,1123.7,South,249.26
ORD-102322,2023-01-03,CUST-0429,Office Chair,Furniture,1,197.24,East,24.78
ORD-100339,2023-05-02,CUST-1408,Notebook Pack,Others,5,60.88,North,27.37
ORD-101355,2023-07-30,CUST-1200,Laptop,Electronics,2,1765.56,West,302.3
ORD-101241,2023-06-11,CUST-0968,Monitor,Electronics,1,269.03,South,39.33
ORD-102100,2023-09-19,Unknown,Keyboard,Office Supplies,5,215.15,Unknown,65.38
ORD-103530,2023-10-22,CUST-0957,Laptop,Electronics,5,4919.39,East,628.07
ORD-101566,2023-02-17,CUST-0940,Laptop,Electronics,2,1677.16,South,241.65
ORD-100089,2023-03-31,CUST-1185,T-Shirt,Clothing,3,75.42,South,22.4
ORD-104164,2023-05-24,CUST-0968,Jeans,Clothing,2,114.36,East,34.59
ORD-104673,2023-08-23,CUST-0603,Headphones,Electronics,3,254.84,North,60.14
ORD-101057,2023-12-15,CUST-0334,Smartphone,Electronics,2,1257.59,East,297.75
ORD-101461,2023-04-11,CUST-0320,T-Shirt,Clothing,3,80.95,South,28.05
ORD-104210,2023-05-11,CUST-0503,Keyboard,Office Supplies,4,189.33,South,46.92
ORD-102284,2023-10-13,CUST-1051,Headphones,Electronics,1,97.21,East,19.82
ORD-100189,2023-12-30,CUST-1385,Headphones,Electronics,4,336.69,East,70.14
ORD-104402,2023-05-08,CUST-0347,Laptop,Electronics,1,948.13,Central,110.69
ORD-101654,2023-09-23,CUST-1407,Notebook Pack,Others,3,33.03,West,13.43
ORD-102671,2023-05-19,CUST-0825,Desk,Furniture,4,1275.31,North,152.71
ORD-104474,2023-07-13,CUST-0852,T-Shirt,Clothing,5,118.25,North,26.17
ORD-104254,2023-10-20,CUST-0787,Mouse,Office Supplies,5,94.03,Central,26.43
ORD-100553,2023-07-30,CUST-1186,Printer,Office Supplies,2,309.07,East,24.82
ORD-101908,2023-07-12,CUST-1492,Mouse,Office Supplies,2,39.61,East,9.5
ORD-101861,2023-12-29,CUST-0115,Notebook Pack,Others,5,64.66,North,22.33
ORD-104653,2023-12-20,CUST-0349,Smartphone,Electronics,5,3245.11,North,704.55
ORD-101406,2023-12-17,CUST-0724,Notebook Pack,Others,4,46.12,West,16.0
ORD-100046,2023-06-20,CUST-1270,Office Chair,Furniture,4,661.48,South,100.73
ORD-104609,2023-07-13,CUST-0865,Notebook Pack,Others,4,45.03,North,15.99
ORD-101783,2023-08-03,CUST-1387,Smartphone,Electronics,5,2795.98,East,477.84
ORD-102256,2023-12-13,CUST-0347,Printer,Office Supplies,1,149.8,North,11.67
ORD-100551,2023-10-04,CUST-1454,Smartphone,Electronics,1,585.34,West,88.54
ORD-104987,2023-02-09,CUST-0690,Smartphone,Electronics,2,1235.99,East,217.08
ORD-100512,2023-12-30,CUST-0910,Laptop,Electronics,1,989.67,South,169.57
ORD-100831,2023-06-21,CUST-0603,T-Shirt,Clothing,5,120.94,North,36.57
ORD-103554,2023-01-21,CUST-1200,Monitor,Electronics,4,1069.8,South,113.09
ORD-104599,2023-08-23,CUST-1491,Office Chair,Furniture,4,717.54,North,48.27
ORD-100044,2023-07-15,CUST-1302,Mouse,Office Supplies,3,60.99,East,17.92
ORD-100082,2023-03-21,CUST-0159,Mouse,Office Supplies,1,19.3,West,5.79
ORD-101701,2023-12-30,CUST-1024,Notebook Pack,Others,4,43.96,North,15.37
ORD-101296,2023-12-28,CUST-0099,Laptop,Electronics,4,3354.61,East,543.46
ORD-100135,2023-05-11,CUST-1146,Laptop,Electronics,2,1823.18,North,276.95
ORD-103351,2023-02-20,CUST-1350,Smartphone,Electronics,3,1899.34,North,340.84
ORD-101031,2023-12-25,CUST-0711,Keyboard,Office Supplies,1,47.98,North,9.83
ORD-104830,2023-05-17,CUST-0620,T-Shirt,Clothing,5,128.75,North,44.28
ORD-102228,2023-07-23,CUST-1128,Laptop,Electronics,5,4896.68,West,987.78
ORD-104005,2023-08-07,CUST-0926,Smartphone,Electronics,3,1897.37,Central,315.24
ORD-101280,2023-03-03,CUST-0599,Office Chair,Furniture,2,394.86,North,50.41
ORD-104216,2023-02-27,CUST-0220,Jeans,Clothing,3,178.81,North,62.52
ORD-102598,2023-06-08,CUST-0345,Notebook Pack,Others,2,22.28,Central,6.89
ORD-104293,2023-05-04,CUST-0857,T-Shirt,Clothing,2,45.46,East,12.83
ORD-100366,2023-03-31,CUST-1306,Keyboard,Office Supplies,5,238.86,North,63.72
ORD-100199,2023-11-11,CUST-1221,Monitor,Electronics,2,508.98,East,93.99
ORD-104937,2023-10-13,CUST-0919,Keyboard,Office Supplies,4,165.53,North,45.31
ORD-101181,2023-06-05,CUST-0337,Smartphone,Electronics,2,1257.48,North,232.51
ORD-102857,2023-06-20,CUST-1159,Desk,Furniture,4,1316.02,North,171.79
ORD-104345,2023-09-26,CUST-0342,Notebook Pack,Others,3,35.53,West,14.04
ORD-100780,2023-03-19,CUST-0758,Headphones,Electronics,4,325.4,South,61.64
ORD-101019,2023-08-04,CUST-1158,Desk,Furniture,2,703.45,South,91.37
ORD-104272,2023-07-26,CUST-0493,Mouse,Office Supplies,5,104.77,North,29.43
ORD-104347,2023-08-26,CUST-0032,Mouse,Office Supplies,3,54.65,West,12.85
ORD-100085,2023-04-26,CUST-1130,Laptop,Electronics,1,959.16,North,202.44
ORD-103915,2023-07-20,CUST-1191,Monitor,Electronics,2,463.51,South,65.76
ORD-103966,2023-05-22,CUST-0009,T-Shirt,Clothing,4,105.18,South,26.07
ORD-102961,2023-10-04,CUST-0507,Notebook Pack,Others,3,39.09,East,12.6
ORD-102468,2023-06-10,CUST-0635,T-Shirt,Clothing,2,52.81,West,17.68
ORD-103079,2023-09-29,CUST-1437,Headphones,Electronics,2,197.58,North,36.54
ORD-100411,2023-01-08,CUST-0742,Jeans,Clothing,5,286.96,West,73.11
ORD-101293,2023-07-31,CUST-0178,Monitor,Electronics,5,1287.24,North,230.16
ORD-104097,2023-07-06,CUST-1169,Jeans,Clothing,1,54.85,Central,15.77
ORD-103127,2023-12-11,CUST-1472,Smartphone,Electronics,2,1142.27,North,108.76
ORD-104640,2023-03-16,CUST-1207,Smartphone,Electronics,5,2858.31,East,593.87
ORD-103366,2023-01-15,CUST-0294,Keyboard,Office Supplies,5,247.04,North,50.45
ORD-104311,2023-09-29,CUST-1031,Mouse,Office Supplies,1,21.28,North,5.0
ORD-102884,2023-08-17,CUST-0146,T-Shirt,Clothing,3,73.2,West,27.32
ORD-100622,2023-12-30,CUST-0523,Notebook Pack,Others,1,11.52,Central,3.81
ORD-101223,2023-09-17,CUST-1474,Jeans,Clothing,1,58.56,East,19.42
ORD-102273,2023-12-16,CUST-0304,Mouse,Office Supplies,1,20.61,North,5.48
ORD-104950,2023-06-13,CUST-1387,Headphones,Electronics,3,287.65,East,80.89
ORD-102976,2023-06-17,CUST-1203,Jeans,Clothing,5,280.58,Central,94.7
ORD-102566,2023-06-17,CUST-0121,Laptop,Electronics,3,2564.71,South,437.36
ORD-101261,2023-06-03,CUST-1151,Office Chair,Furniture,4,775.9,South,112.91
ORD-103917,2023-05-14,CUST-0318,T-Shirt,Clothing,3,77.71,North,21.06
ORD-100617,2023-03-09,CUST-0560,Monitor,Electronics,5,1175.78,North,139.89
ORD-102194,2023-01-21,CUST-1031,T-Shirt,Clothing,3,69.86,North,21.39
ORD-100697,2023-09-01,CUST-0880,T-Shirt,Clothing,1,22.58,North,5.86
ORD-101805,2023-02-20,CUST-1040,Jeans,Clothing,2,118.99,North,33.52
ORD-103220,2023-07-02,CUST-1391,Headphones,Electronics,5,451.68,North,111.44
ORD-101465,2023-09-06,CUST-0092,Jeans,Clothing,4,231.45,North,58.88
ORD-102141,2023-12-02,CUST-1017,Desk,Furniture,2,582.38,North,60.64
ORD-101082,2023-08-31,CUST-0405,Printer,Office Supplies,3,467.64,Central,37.2
ORD-100927,2023-09-28,CUST-1058,Mouse,Office Supplies,4,82.96,South,16.28
ORD-100880,2023-01-27,CUST-0229,Office Chair,Furniture,2,326.3,Unknown,49.81
ORD-103551,2023-05-21,CUST-1013,T-Shirt,Clothing,4,96.72,South,34.88
ORD-101570,2023-02-02,CUST-0539,Office Chair,Furniture,4,739.86,North,44.2
ORD-102743,2023-01-19,CUST-1282,Keyboard,Office Supplies,3,145.4,West,26.72
ORD-101065,2023-07-09,CUST-0625,Notebook Pack,Others,1,13.08,West,5.13
ORD-102354,2023-08-04,CUST-1179,Office Chair,Furniture,4,736.37,North,106.23
ORD-100142,2023-05-31,CUST-0413,Notebook Pack,Others,4,43.64,East,13.81
ORD-104443,2023-03-14,CUST-0340,Printer,Office Supplies,2,302.44,North,4.74
ORD-103508,2023-06-25,CUST-0541,Jeans,Clothing,1,53.91,North,15.03
ORD-100320,2023-12-24,CUST-0367,Printer,Office Supplies,2,313.5,East,41.93
ORD-102396,2023-12-24,CUST-1125,Headphones,Electronics,3,243.23,South,72.05
ORD-102564,2023-10-04,CUST-0432,Jeans,Clothing,3,168.73,East,52.96
ORD-102086,2023-10-27,CUST-1089,Office Chair,Furniture,1,179.57,North,28.73
ORD-102754,2023-09-03,CUST-1168,Mouse,Office Supplies,5,98.19,South,23.98
ORD-103998,2023-07-09,CUST-0978,Monitor,Electronics,1,257.78,North,31.22
ORD-103436,2023-07-11,CUST-0986,Monitor,Electronics,5,1173.96,West,136.95
ORD-101459,2023-04-20,CUST-1325,Office Chair,Furniture,4,696.66,Central,47.05
ORD-104548,2023-11-05,CUST-0650,Keyboard,Office Supplies,4,182.43,North,40.26
ORD-103818,2023-08-30,CUST-0110,Jeans,Clothing,2,112.51,South,28.64
ORD-100906,2023-11-23,CUST-0363,T-Shirt,Clothing,5,126.7,North,38.43
ORD-102014,2023-12-25,CUST-1486,Office Chair,Furniture,2,383.84,West,42.96
ORD-101486,2023-04-23,CUST-1478,Notebook Pack,Others,1,12.29,East,3.38
ORD-104647,2023-12-06,CUST-0578,Headphones,Electronics,5,433.3,South,93.26
ORD-101668,2023-08-15,CUST-0050,Laptop,Electronics,1,898.88,Central,126.42
ORD-101009,2023-11-16,CUST-1041,Desk,Furniture,3,1001.13,North,119.78
ORD-103630,2023-05-26,CUST-1050,Smartphone,Electronics,3,1701.99,North,344.66
ORD-103352,2023-05-05,CUST-0693,Laptop,Electronics,5,4560.75,East,500.98
ORD-104587,2023-02-22,CUST-0681,Printer,Office Supplies,5,711.17,South,60.6
ORD-102823,2023-10-04,CUST-1346,Notebook Pack,Others,1,12.84,North,4.86
ORD-101859,2023-01-17,CUST-0659,Headphones,Electronics,5,478.4,North,83.01
ORD-104031,2023-12-20,CUST-0628,Office Chair,Furniture,4,757.33,East,149.97
ORD-100781,2023-07-25,CUST-0037,Printer,Office Supplies,4,610.42,South,16.81
ORD-104456,2023-11-08,CUST-0105,Smartphone,Electronics,4,2342.49,Central,461.41
ORD-101035,2023-03-12,CUST-0699,Jeans,Clothing,3,176.72,East,40.65
ORD-103085,2023-12-03,CUST-1200,Monitor,Electronics,4,932.31,South,193.21
ORD-100164,2023-06-08,CUST-1127,T-Shirt,Clothing,1,25.04,East,7.33
ORD-102097,2023-04-08,CUST-0189,T-Shirt,Clothing,2,50.21,South,15.94
ORD-101405,2023-01-24,CUST-0535,Headphones,Electronics,3,259.17,West,49.62
ORD-102317,2023-01-02,CUST-0346,Keyboard,Office Supplies,4,169.65,East,42.9
ORD-103868,2023-09-08,CUST-0374,Jeans,Clothing,3,152.04,East,57.69
ORD-101785,2023-07-08,CUST-0753,Mouse,Office Supplies,4,80.98,South,23.15
ORD-101699,2023-10-14,CUST-0178,Keyboard,Office Supplies,4,195.69,North,43.64
ORD-103064,2023-04-23,CUST-1219,Office Chair,Furniture,2,359.89,South,29.14
ORD-102398,2023-12-19,CUST-0507,Smartphone,Electronics,1,636.23,South,113.84
ORD-100585,2023-11-11,CUST-0936,Jeans,Clothing,3,169.13,West,50.27
ORD-101167,2023-09-19,CUST-1015,T-Shirt,Clothing,4,106.09,East,32.12
ORD-100638,2023-10-06,CUST-0343,Keyboard,Office Supplies,5,221.87,South,77.7
ORD-100590,2023-12-27,CUST-0366,Printer,Office Supplies,2,301.98,South,37.98
ORD-103049,2023-05-05,CUST-1122,Headphones,Electronics,3,270.59,West,59.56
ORD-103776,2023-10-18,CUST-0864,Keyboard,Office Supplies,5,209.04,South,44.56
ORD-102044,2023-09-25,CUST-0635,Notebook Pack,Others,1,12.48,South,3.48
ORD-103685,2023-09-21,CUST-0839,Laptop,Electronics,3,2555.44,North,376.98
ORD-103260,2023-08-30,CUST-0482,Laptop,Electronics,2,1869.15,North,254.4
ORD-102516,2023-12-13,CUST-1441,Smartphone,Electronics,4,2433.1,South,437.01
ORD-103273,2023-02-14,CUST-0628,Keyboard,Office Supplies,3,131.84,South,31.68
ORD-103921,2023-05-11,CUST-0533,Mouse,Office Supplies,4,73.32,North,19.35
ORD-104338,2023-06-19,CUST-1301,T-Shirt,Clothing,1,26.79,North,6.95
ORD-102135,2023-03-24,CUST-0732,T-Shirt,Clothing,1,27.1,South,7.84
ORD-104753,2023-01-29,CUST-0233,T-Shirt,Clothing,5,135.07,East,49.73
ORD-100712,2023-08-18,CUST-0906,Mouse,Office Supplies,2,39.45,Central,11.01
ORD-100959,2023-12-31,Unknown,T-Shirt,Clothing,5,115.61,West,41.06
ORD-103705,2023-09-16,CUST-0602,Smartphone,Electronics,3,1774.37,North,294.96
ORD-100892,2023-03-30,CUST-1228,Headphones,Electronics,3,261.44,South,55.02
ORD-101846,2023-10-28,CUST-0571,Monitor,Electronics,1,237.74,North,32.65
ORD-100201,2023-07-25,CUST-1221,Notebook Pack,Others,4,46.76,Central,19.69
ORD-103872,2023-01-08,CUST-1210,Smartphone,Electronics,5,3132.89,South,626.5
ORD-100982,2023-12-01,CUST-0893,Keyboard,Office Supplies,4,187.5,East,52.65
ORD-101592,2023-08-30,CUST-0822,Notebook Pack,Others,4,46.01,South,16.17
ORD-101328,2023-01-17,CUST-1295,Headphones,Electronics,1,83.61,South,15.5
ORD-101259,2023-04-21,CUST-0968,Notebook Pack,Others,1,12.74,West,4.42
ORD-104370,2023-01-14,CUST-0711,Headphones,Electronics,2,183.74,Central,49.86
ORD-102405,2023-07-23,CUST-1371,Headphones,Electronics,1,92.02,North,12.44
ORD-104128,2023-05-20,CUST-0278,Mouse,Office Supplies,3,57.15,Central,13.94
ORD-102201,2023-07-21,CUST-1138,Notebook Pack,Others,4,43.86,Central,14.15
ORD-101706,2023-12-17,CUST-1330,Laptop,Electronics,4,3482.67,North,646.89
ORD-104074,2023-10-22,CUST-0871,Laptop,Electronics,3,2514.5,West,389.47
ORD-102931,2023-11-09,CUST-1069,Headphones,Electronics,5,441.63,East,95.9
ORD-100822,2023-02-10,CUST-1203,Monitor,Electronics,2,501.7,East,68.33
ORD-102684,2023-02-03,CUST-0193,Headphones,Electronics,1,91.89,East,21.33
ORD-102728,2023-12-11,CUST-0280,Office Chair,Furniture,1,197.66,Unknown,29.75
ORD-101874,2023-07-27,CUST-0175,Printer,Office Supplies,5,778.28,West,23.45
ORD-102911,2023-09-30,CUST-1232,Smartphone,Electronics,4,2511.43,North,502.92
ORD-103878,2023-11-16,CUST-0804,Laptop,Electronics,5,4486.92,North,389.21
ORD-102275,2023-03-11,CUST-0036,Laptop,Electronics,2,1843.71,Central,110.95
ORD-103252,2023-12-28,CUST-0307,Headphones,Electronics,5,454.0,North,98.02
ORD-101988,2023-12-24,CUST-1337,Notebook Pack,Others,2,24.32,Central,8.7
ORD-102089,2023-07-12,CUST-0828,Desk,Furniture,1,331.64,North,36.48
ORD-104801,2023-07-16,CUST-0881,Headphones,Electronics,5,459.01,East,106.03
ORD-103792,2023-10-31,CUST-1095,Laptop,Electronics,3,2769.15,West,370.73
ORD-104702,2023-08-16,CUST-0246,Monitor,Electronics,1,256.84,East,55.36
ORD-102908,2023-04-07,CUST-0071,Printer,Office Supplies,5,788.06,East,65.6
ORD-102090,2023-06-20,CUST-0246,Office Chair,Furniture,4,661.34,South,79.08
ORD-102364,2023-05-22,CUST-0485,Jeans,Clothing,1,58.0,North,17.68
ORD-101957,2023-02-28,CUST-0046,Laptop,Electronics,4,3581.06,North,489.53
ORD-103377,2023-07-23,CUST-0606,Printer,Office Supplies,4,594.72,East,20.54
ORD-104953,2023-06-25,CUST-1243,Notebook Pack,Others,2,26.37,Central,10.17
ORD-102990,2023-02-02,CUST-1079,Mouse,Office Supplies,4,72.04,Central,21.44
ORD-104573,2023-10-19,CUST-0347,Office Chair,Furniture,5,917.03,South,68.68
ORD-101049,2023-04-13,CUST-1039,Headphones,Electronics,1,94.91,Central,19.18
ORD-102114,2023-08-29,CUST-0992,Laptop,Electronics,1,860.97,South,85.15
ORD-103897,2023-09-19,CUST-0559,Office Chair,Furniture,4,777.46,West,113.13
ORD-104989,2023-11-25,CUST-0840,Smartphone,Electronics,4,2368.98,North,414.41
ORD-102501,2023-11-01,Unknown,Jeans,Clothing,4,240.37,West,66.92
ORD-102234,2023-09-01,CUST-0351,Keyboard,Office Supplies,3,135.46,West,39.98
ORD-102129,2023-05-02,CUST-0053,Laptop,Electronics,4,3301.24,South,564.88
ORD-103249,2023-01-05,CUST-1332,Desk,Furniture,4,1225.52,North,148.16
ORD-101789,2023-01-11,CUST-0590,Laptop,Electronics,1,853.73,South,122.4
ORD-100529,2023-05-15,CUST-0952,Monitor,Electronics,3,717.86,East,149.94
ORD-102218,2023-12-08,CUST-1402,Notebook Pack,Others,4,43.99,Central,13.01
ORD-102303,2023-09-21,CUST-0455,T-Shirt,Clothing,2,49.58,West,13.63
ORD-101915,2023-01-28,CUST-0666,Smartphone,Electronics,4,2367.24,South,235.53
ORD-102899,2023-10-05,CUST-0439,Office Chair,Furniture,3,532.41,Central,85.38
ORD-101408,2023-08-31,CUST-0431,Mouse,Office Supplies,5,105.27,South,27.04
ORD-100304,2023-12-25,CUST-0997,Mouse,Office Supplies,2,37.78,East,10.27
ORD-102681,2023-11-15,CUST-1489,Mouse,Office Supplies,1,19.69,East,5.01
ORD-103533,2023-10-31,CUST-1379,Smartphone,Electronics,5,3221.01,Central,744.43
ORD-101335,2023-11-22,Unknown,Mouse,Office Supplies,2,38.64,North,11.18
ORD-102337,2023-05-07,CUST-0713,Office Chair,Furniture,4,738.74,North,130.4
ORD-101321,2023-06-02,CUST-1036,Desk,Furniture,1,329.88,North,35.32
ORD-103506,2023-08-07,CUST-0211,T-Shirt,Clothing,3,78.78,Central,28.0
ORD-101302,2023-02-17,CUST-0180,Keyboard,Office Supplies,2,88.85,South,21.9
ORD-104173,2023-09-30,CUST-0011,Monitor,Electronics,4,961.88,South,154.34
ORD-103394,2023-06-25,CUST-0105,Keyboard,Office Supplies,2,87.32,South,27.47
ORD-100978,2023-08-18,CUST-0882,T-Shirt,Clothing,4,91.52,South,25.19
ORD-101917,2023-09-01,CUST-1103,Keyboard,Office Supplies,3,125.26,South,20.3
ORD-102828,2023-07-09,CUST-0533,Mouse,Office Supplies,5,100.01,West,25.1
ORD-102179,2023-09-24,CUST-0371,Notebook Pack,Others,3,32.62,East,10.7
ORD-103042,2023-03-30,CUST-1255,Keyboard,Office Supplies,1,45.59,South,12.94
ORD-102577,2023-05-03,CUST-0543,Mouse,Office Supplies,1,18.04,Unknown,5.17
ORD-102384,2023-11-17,CUST-1263,Laptop,Electronics,1,837.05,North,100.07
ORD-104220,2023-12-06,CUST-1440,Smartphone,Electronics,4,2271.52,East,324.84
ORD-102069,2023-12-29,CUST-0020,T-Shirt,Clothing,3,70.05,North,19.61
ORD-100106,2023-10-09,CUST-0748,Desk,Furniture,3,952.44,Central,101.5
ORD-100715,2023-06-02,CUST-0063,Smartphone,Electronics,1,576.24,West,107.13
ORD-103361,2023-08-30,CUST-0692,Monitor,Electronics,3,765.82,South,107.22
ORD-102762,2023-02-20,CUST-0687,Smartphone,Electronics,5,3259.83,North,724.6
ORD-101217,2023-06-06,CUST-1130,T-Shirt,Clothing,5,123.44,North,38.43
ORD-101485,2023-10-15,CUST-0786,Laptop,Electronics,5,4902.28,West,599.25
ORD-100013,2023-10-10,CUST-0761,Mouse,Office Supplies,4,84.58,North,22.43
ORD-101492,2023-01-02,CUST-1082,Jeans,Clothing,1,55.54,East,12.74
ORD-104064,2023-04-08,CUST-0355,Smartphone,Electronics,4,2340.56,North,349.38
ORD-100326,2023-11-13,CUST-0707,Mouse,Office Supplies,1,19.1,South,5.18
ORD-103843,2023-10-16,CUST-0487,Jeans,Clothing,3,152.55,South,43.66
ORD-102793,2023-10-17,CUST-0064,Notebook Pack,Others,2,22.27,East,7.43
ORD-102887,2023-10-24,CUST-1038,Notebook Pack,Others,2,24.96,North,9.59
ORD-102330,2023-11-06,CUST-0482,T-Shirt,Clothing,3,73.14,West,24.36
ORD-103856,2023-02-09,CUST-0040,Mouse,Office Supplies,5,101.13,East,33.24
ORD-100090,2023-02-25,CUST-1281,Smartphone,Electronics,3,1735.39,South,278.99
ORD-102569,2023-11-03,CUST-1020,Notebook Pack,Others,5,62.07,South,21.62
ORD-104665,2023-05-12,CUST-0184,Office Chair,Furniture,5,865.84,Central,146.08
ORD-101227,2023-08-26,CUST-0048,T-Shirt,Clothing,1,26.97,South,7.46
ORD-100102,2023-11-22,CUST-1228,Headphones,Electronics,1,94.39,North,23.33
ORD-102023,2023-09-14,CUST-1315,Headphones,Electronics,2,190.76,North,29.12
ORD-101170,2023-06-13,CUST-1356,Office Chair,Furniture,1,190.51,North,25.78
ORD-102556,2023-03-11,CUST-0856,Laptop,Electronics,2,1937.38,North,234.11
ORD-100051,2023-08-11,CUST-0313,Laptop,Electronics,1,962.37,East,129.35
ORD-103875,2023-07-25,CUST-0743,Office Chair,Furniture,4,726.28,West,73.84
ORD-103338,2023-11-20,CUST-0209,Monitor,Electronics,4,1061.67,East,107.06
ORD-101484,2023-11-12,CUST-0831,Jeans,Clothing,5,300.86,North,102.08
ORD-102030,2023-09-20,CUST-0083,Laptop,Electronics,1,944.26,South,192.64
ORD-101187,2023-01-04,CUST-1272,Notebook Pack,Others,4,50.86,North,17.32
ORD-102509,2023-11-30,CUST-0305,Jeans,Clothing,2,101.01,Central,23.24
ORD-101432,2023-07-07,CUST-1335,Laptop,Electronics,5,4798.81,Central,285.14
ORD-100176,2023-10-01,CUST-0369,Desk,Furniture,3,915.58,East,102.45
ORD-101176,2023-07-29,CUST-0520,Desk,Furniture,4,1327.76,South,67.09
ORD-101764,2023-06-30,CUST-1375,Smartphone,Electronics,4,2604.16,West,553.54
ORD-103670,2023-12-01,CUST-0451,Office Chair,Furniture,3,587.99,South,49.79
ORD-104056,2023-08-31,Unknown,Monitor,Electronics,2,507.72,North,111.46
ORD-104896,2023-08-06,CUST-0491,Headphones,Electronics,2,186.22,West,39.69
ORD-100305,2023-06-22,CUST-1168,Desk,Furniture,1,331.03,North,25.48
ORD-100422,2023-11-14,CUST-0912,Laptop,Electronics,3,2723.13,East,270.06
ORD-101242,2023-04-12,CUST-0889,Office Chair,Furniture,3,579.86,East,62.16
ORD-104126,2023-02-22,CUST-1152,T-Shirt,Clothing,1,23.19,North,6.61
ORD-102404,2023-04-24,CUST-0135,Mouse,Office Supplies,3,57.46,Central,15.21
ORD-104655,2023-06-06,CUST-0706,Mouse,Office Supplies,1,19.95,West,5.26
ORD-104359,2023-04-29,CUST-0293,Keyboard,Office Supplies,4,182.83,North,48.43
ORD-102705,2023-10-06,CUST-1447,Desk,Furniture,2,627.66,North,61.28
ORD-103362,2023-02-21,CUST-0531,T-Shirt,Clothing,4,90.9,West,27.46
ORD-104331,2023-06-02,CUST-1433,Notebook Pack,Others,3,37.04,North,13.32
ORD-102133,2023-06-27,CUST-0573,Printer,Office Supplies,3,414.3,South,24.67
ORD-104726,2023-05-12,CUST-0386,Mouse,Office Supplies,5,103.19,North,25.04
ORD-102826,2023-06-28,CUST-1399,Desk,Furniture,2,605.76,South,45.28
ORD-103036,2023-10-04,CUST-0011,Jeans,Clothing,3,166.43,West,48.35
ORD-101735,2023-09-19,CUST-1263,Keyboard,Office Supplies,2,97.99,North,24.47
ORD-102797,2023-07-23,CUST-0291,Monitor,Electronics,2,486.62,East,91.91
ORD-104221,2023-12-16,CUST-1345,Laptop,Electronics,1,815.27,North,138.85
ORD-102076,2023-09-28,CUST-0948,Notebook Pack,Others,2,21.93,East,8.34
ORD-104055,2023-04-02,CUST-1083,Mouse,Office Supplies,5,100.74,West,27.23
ORD-104589,2023-08-24,CUST-1473,Mouse,Office Supplies,3,59.39,South,20.7
ORD-103485,2023-01-23,CUST-0549,Keyboard,Office Supplies,5,218.22,South,58.77
ORD-101885,2023-02-23,CUST-0480,Monitor,Electronics,2,476.11,West,55.01
ORD-101947,2023-12-30,CUST-1217,Printer,Office Supplies,1,146.46,North,5.97
ORD-101583,2023-09-10,CUST-0356,Headphones,Electronics,3,286.74,East,52.36
ORD-101210,2023-06-06,CUST-0934,Keyboard,Office Supplies,3,141.4,North,39.72
ORD-104761,2023-05-11,CUST-0657,T-Shirt,Clothing,1,25.32,Central,8.76
ORD-103073,2023-02-14,CUST-0278,Keyboard,Office Supplies,5,219.94,North,52.31
ORD-104571,2023-11-30,CUST-1074,Mouse,Office Supplies,3,63.19,South,19.46
ORD-103328,2023-12-08,CUST-0658,T-Shirt,Clothing,5,119.45,Central,45.68
ORD-101853,2023-10-27,CUST-1034,Keyboard,Office Supplies,5,230.63,West,61.24
ORD-102134,2023-10-17,CUST-0404,T-Shirt,Clothing,1,23.83,East,7.3
ORD-103824,2023-07-29,CUST-1100,Keyboard,Office Supplies,1,42.25,Unknown,11.86
ORD-104540,2023-04-08,CUST-0167,Laptop,Electronics,4,3264.85,South,419.37
ORD-101368,2023-11-08,CUST-0659,Smartphone,Electronics,1,588.76,East,109.12
ORD-101272,2023-07-07,CUST-1156,Office Chair,Furniture,1,164.73,Central,17.59
ORD-102896,2023-01-04,CUST-0306,Notebook Pack,Others,5,65.4,South,24.2
ORD-100177,2023-12-09,CUST-0052,Notebook Pack,Others,3,32.71,North,12.36
ORD-101662,2023-11-19,CUST-0075,Keyboard,Office Supplies,5,213.51,North,52.64
ORD-102506,2023-04-25,CUST-0935,Notebook Pack,Others,4,49.43,East,15.49
ORD-103046,2023-11-26,CUST-1203,Desk,Furniture,5,1471.19,Central,121.09
ORD-103458,2023-01-27,CUST-0197,Laptop,Electronics,1,959.21,West,150.43
ORD-104920,2023-07-18,CUST-0062,Office Chair,Furniture,1,164.65,North,18.05
ORD-104178,2023-12-24,CUST-0700,Jeans,Clothing,1,57.81,East,20.63
ORD-103288,2023-09-26,CUST-0852,Laptop,Electronics,3,2444.48,North,453.29
ORD-100030,2023-01-24,CUST-1148,Keyboard,Office Supplies,3,145.4,North,36.15
ORD-102217,2023-05-15,CUST-0950,Printer,Office Supplies,2,319.35,South,30.87
ORD-104396,2023-04-03,CUST-0370,Smartphone,Electronics,5,2951.89,Central,716.86
ORD-104072,2023-03-07,CUST-1283,Office Chair,Furniture,2,391.22,South,73.49
ORD-103312,2023-02-18,CUST-0846,T-Shirt,Clothing,3,76.48,North,19.67
ORD-101682,2023-12-09,CUST-0183,Keyboard,Office Supplies,2,87.41,South,24.96
ORD-103035,2023-08-26,CUST-1165,Keyboard,Office Supplies,2,81.01,East,19.98
ORD-101105,2023-05-08,CUST-0991,Keyboard,Office Supplies,1,42.79,North,12.26
ORD-104434,2023-11-24,CUST-0986,T-Shirt,Clothing,5,134.01,North,41.86
ORD-100432,2023-03-30,CUST-0063,Keyboard,Office Supplies,1,48.86,South,11.83
ORD-104438,2023-03-10,CUST-0275,Monitor,Electronics,4,943.77,South,149.27
ORD-100803,2023-03-15,CUST-0058,T-Shirt,Clothing,4,109.76,Central,33.61
ORD-102580,2023-07-02,CUST-1280,Laptop,Electronics,5,4224.21,South,969.71
ORD-100298,2023-10-08,CUST-1319,Keyboard,Office Supplies,5,206.04,East,60.77
ORD-103586,2023-08-30,CUST-0797,Office Chair,Furniture,2,328.47,East,52.71
ORD-103832,2023-12-03,CUST-1448,Office Chair,Furniture,4,763.89,Central,133.16
